timestamp,product_id,product_name,quantity_sold,stock_level,price,expiry_date,weather
2024-01-01 00:00:00,P013,Chicken,4,111,422.23,2024-01-08,Hot
2024-01-01 00:00:00,P002,Bread,4,140,42.75,2024-01-14,Sunny
2024-01-01 03:00:00,P008,Potatoes,4,81,21.77,2024-01-05,Hot
2024-01-01 03:00:00,P011,Yogurt,7,159,85.64,2024-01-08,Cloudy
2024-01-01 03:00:00,P033,Pav,4,118,17.52,2024-01-02,Rainy
2024-01-01 03:00:00,P024,Jeera,2,98,60.86,2024-04-07,Cloudy
2024-01-01 03:00:00,P039,Soda,4,129,43.08,2024-06-01,Hot
2024-01-01 06:00:00,P009,Bananas,5,107,27.66,2024-01-02,Hot
2024-01-01 06:00:00,P046,Tomato Puree,5,65,58.12,2024-01-07,Sunny
2024-01-01 06:00:00,P041,Peas,10,99,9.38,2024-01-02,Hot
2024-01-01 06:00:00,P039,Soda,6,142,72.44,2024-06-13,Cloudy
2024-01-01 06:00:00,P017,Tea,7,108,87.08,2024-06-06,Rainy
2024-01-01 09:00:00,P049,Chikki,5,86,30.71,2024-02-17,Rainy
2024-01-01 09:00:00,P007,Tomatoes,3,107,21.69,2024-01-11,Cloudy
2024-01-02 00:00:00,P001,Milk,4,57,88.24,2024-01-06,Rainy
2024-01-02 00:00:00,P001,Milk,2,139,34.12,2024-01-11,Sunny
2024-01-02 03:00:00,P050,Farsan,9,74,16.07,2024-02-27,Rainy
2024-01-02 03:00:00,P022,Coriander,6,88,70.0,2024-04-06,Rainy
2024-01-02 06:00:00,P048,Dates,3,109,17.6,2024-01-11,Rainy
2024-01-02 06:00:00,P020,Chips,3,93,42.26,2024-04-25,Rainy
2024-01-02 06:00:00,P038,Lassi,6,113,42.04,2024-02-13,Sunny
2024-01-02 06:00:00,P018,Biscuits,4,84,56.03,2024-02-11,Sunny
2024-01-02 09:00:00,P031,Green Tea,6,73,22.57,2024-05-21,Sunny
2024-01-02 09:00:00,P029,Mango,8,115,33.22,2024-01-12,Rainy
2024-01-02 09:00:00,P003,Eggs,4,47,107.13,2024-01-05,Hot
2024-01-02 09:00:00,P050,Farsan,3,108,42.27,2024-05-11,Sunny
2024-01-03 03:00:00,P036,Chutney,7,42,29.73,2024-04-14,Rainy
2024-01-03 03:00:00,P029,Mango,6,118,37.09,2024-01-10,Hot
2024-01-03 03:00:00,P048,Dates,6,113,52.29,2024-01-07,Hot
2024-01-03 03:00:00,P022,Coriander,8,154,95.61,2024-02-29,Cloudy
2024-01-03 03:00:00,P029,Mango,5,124,48.93,2024-01-13,Cloudy
2024-01-03 03:00:00,P024,Jeera,4,72,31.63,2024-05-25,Sunny
2024-01-03 06:00:00,P048,Dates,4,131,5.32,2024-01-16,Hot
2024-01-03 06:00:00,P013,Chicken,4,74,388.9,2024-01-07,Cloudy
2024-01-03 06:00:00,P027,Cream,5,32,90.78,2024-01-13,Cloudy
2024-01-03 06:00:00,P039,Soda,5,112,70.36,2024-02-26,Rainy
2024-01-03 06:00:00,P037,Gulab Jamun,5,148,15.66,2024-05-21,Cloudy
2024-01-03 09:00:00,P044,Carrot,6,76,37.52,2024-01-14,Rainy
2024-01-03 09:00:00,P033,Pav,6,64,37.05,2024-01-05,Sunny
2024-01-03 09:00:00,P025,Kurkure,6,90,63.83,2024-06-15,Sunny
2024-01-03 09:00:00,P002,Bread,12,136,56.25,2024-01-09,Rainy
2024-01-03 09:00:00,P009,Bananas,4,82,44.81,2024-01-12,Hot
2024-01-03 09:00:00,P041,Peas,9,65,11.08,2024-01-08,Rainy
2024-01-03 09:00:00,P002,Bread,6,114,71.58,2024-01-13,Cloudy
2024-01-03 09:00:00,P006,Onions,2,82,56.99,2024-01-06,Sunny
2024-01-04 00:00:00,P049,Chikki,8,44,65.88,2024-06-21,Hot
2024-01-04 00:00:00,P026,Butter,5,153,111.97,2024-01-16,Sunny
2024-01-04 00:00:00,P028,Watermelon,4,145,35.62,2024-01-13,Hot
2024-01-04 00:00:00,P035,Samosa,6,94,10.25,2024-05-22,Hot
2024-01-04 00:00:00,P042,Spinach,7,117,52.84,2024-01-10,Cloudy
2024-01-04 00:00:00,P009,Bananas,5,106,12.07,2024-01-18,Sunny
2024-01-04 03:00:00,P003,Eggs,6,107,50.22,2024-01-15,Sunny
2024-01-04 03:00:00,P047,Rasgulla,9,171,27.91,2024-04-17,Sunny
2024-01-04 03:00:00,P014,Fish,9,143,326.12,2024-01-07,Hot
2024-01-04 03:00:00,P006,Onions,6,85,44.93,2024-01-06,Sunny
2024-01-04 03:00:00,P045,Cucumber,6,80,49.5,2024-01-17,Sunny
2024-01-04 09:00:00,P019,Coke,7,73,49.17,2024-06-01,Cloudy
2024-01-04 09:00:00,P002,Bread,5,122,13.45,2024-01-07,Sunny
2024-01-04 09:00:00,P007,Tomatoes,4,126,6.88,2024-01-06,Sunny
2024-01-05 00:00:00,P027,Cream,8,114,54.82,2024-01-07,Hot
2024-01-05 00:00:00,P013,Chicken,4,155,405.69,2024-01-12,Cloudy
2024-01-05 00:00:00,P016,Sugar,9,135,61.55,2024-04-26,Sunny
2024-01-05 00:00:00,P041,Peas,7,126,24.93,2024-01-19,Hot
2024-01-05 03:00:00,P002,Bread,10,90,10.35,2024-01-15,Sunny
2024-01-05 03:00:00,P034,Vada,1,122,377.47,2024-01-09,Rainy
2024-01-05 06:00:00,P039,Soda,7,45,47.55,2024-05-04,Hot
2024-01-05 06:00:00,P013,Chicken,6,95,102.27,2024-01-14,Cloudy
2024-01-05 06:00:00,P036,Chutney,4,106,66.84,2024-05-17,Sunny
2024-01-05 06:00:00,P043,Cabbage,5,96,38.79,2024-01-14,Cloudy
2024-01-05 06:00:00,P013,Chicken,4,106,283.13,2024-01-08,Hot
2024-01-05 06:00:00,P038,Lassi,0,84,67.37,2024-03-15,Sunny
2024-01-05 06:00:00,P035,Samosa,5,84,31.76,2024-03-06,Rainy
2024-01-05 06:00:00,P047,Rasgulla,2,138,61.67,2024-02-24,Rainy
2024-01-05 06:00:00,P023,Turmeric,10,102,94.54,2024-03-17,Sunny
2024-01-05 06:00:00,P020,Chips,4,49,52.69,2024-06-17,Cloudy
2024-01-05 06:00:00,P038,Lassi,4,74,24.41,2024-05-24,Sunny
2024-01-05 06:00:00,P026,Butter,4,114,65.13,2024-01-10,Rainy
2024-01-05 06:00:00,P031,Green Tea,5,83,73.49,2024-04-03,Cloudy
2024-01-05 06:00:00,P014,Fish,8,61,133.58,2024-01-13,Cloudy
2024-01-05 06:00:00,P013,Chicken,4,67,150.12,2024-01-09,Hot
2024-01-05 09:00:00,P020,Chips,6,115,12.46,2024-02-23,Rainy
2024-01-06 00:00:00,P044,Carrot,7,76,19.05,2024-01-16,Cloudy
2024-01-06 00:00:00,P019,Coke,3,106,58.07,2024-05-02,Cloudy
2024-01-06 00:00:00,P039,Soda,4,48,18.87,2024-06-14,Cloudy
2024-01-06 03:00:00,P022,Coriander,5,62,20.15,2024-06-17,Hot
2024-01-06 03:00:00,P043,Cabbage,1,78,33.0,2024-01-12,Rainy
2024-01-06 03:00:00,P022,Coriander,4,143,41.75,2024-03-21,Cloudy
2024-01-06 03:00:00,P001,Milk,4,78,83.67,2024-01-10,Cloudy
2024-01-06 03:00:00,P019,Coke,7,90,72.76,2024-06-05,Sunny
2024-01-06 03:00:00,P046,Tomato Puree,2,103,39.06,2024-01-14,Cloudy
2024-01-06 03:00:00,P005,Dal,2,97,51.26,2024-06-06,Sunny
2024-01-06 06:00:00,P043,Cabbage,3,125,43.78,2024-01-17,Hot
2024-01-06 06:00:00,P022,Coriander,5,120,76.72,2024-05-18,Rainy
2024-01-06 06:00:00,P035,Samosa,7,64,72.24,2024-03-05,Cloudy
2024-01-06 06:00:00,P046,Tomato Puree,4,76,16.23,2024-01-07,Hot
2024-01-06 09:00:00,P040,Pickle,1,129,58.64,2024-06-06,Cloudy
2024-01-06 09:00:00,P032,Bread Roll,3,91,52.62,2024-01-17,Hot
2024-01-06 09:00:00,P050,Farsan,5,158,78.4,2024-05-18,Cloudy
2024-01-07 00:00:00,P035,Samosa,5,133,50.41,2024-03-19,Cloudy
2024-01-07 00:00:00,P022,Coriander,6,122,69.06,2024-02-18,Cloudy
2024-01-07 00:00:00,P040,Pickle,7,92,42.32,2024-06-12,Sunny
2024-01-07 00:00:00,P032,Bread Roll,5,64,11.25,2024-01-21,Cloudy
2024-01-07 00:00:00,P014,Fish,2,47,432.63,2024-01-16,Rainy
2024-01-07 00:00:00,P006,Onions,7,133,34.99,2024-01-09,Rainy
2024-01-07 00:00:00,P036,Chutney,10,109,41.24,2024-04-14,Sunny
2024-01-07 03:00:00,P046,Tomato Puree,9,89,35.01,2024-01-19,Rainy
2024-01-07 03:00:00,P049,Chikki,2,82,54.9,2024-03-19,Hot
2024-01-07 03:00:00,P007,Tomatoes,6,72,18.62,2024-01-17,Sunny
2024-01-07 03:00:00,P028,Watermelon,4,113,8.83,2024-01-21,Sunny
2024-01-07 03:00:00,P010,Apples,7,82,7.21,2024-01-10,Cloudy
2024-01-07 06:00:00,P024,Jeera,5,121,21.01,2024-04-19,Sunny
2024-01-07 06:00:00,P015,Oil,3,123,111.88,2024-05-27,Hot
2024-01-07 06:00:00,P028,Watermelon,8,106,21.72,2024-01-16,Sunny
2024-01-07 09:00:00,P041,Peas,4,78,39.57,2024-01-16,Cloudy
2024-01-07 09:00:00,P034,Vada,8,103,185.14,2024-01-09,Rainy
2024-01-07 09:00:00,P013,Chicken,8,75,239.1,2024-01-20,Rainy
2024-01-08 00:00:00,P015,Oil,7,135,115.31,2024-07-05,Rainy
2024-01-08 00:00:00,P034,Vada,6,103,455.49,2024-01-21,Cloudy
2024-01-08 00:00:00,P018,Biscuits,5,64,48.71,2024-02-24,Cloudy
2024-01-08 00:00:00,P017,Tea,6,148,49.74,2024-06-10,Sunny
2024-01-08 00:00:00,P015,Oil,9,115,51.27,2024-05-17,Rainy
2024-01-08 00:00:00,P023,Turmeric,4,119,97.94,2024-02-22,Rainy
2024-01-08 00:00:00,P003,Eggs,7,81,70.63,2024-01-12,Rainy
2024-01-08 03:00:00,P015,Oil,4,63,115.31,2024-03-03,Rainy
2024-01-08 03:00:00,P038,Lassi,6,90,36.17,2024-05-10,Cloudy
2024-01-08 06:00:00,P031,Green Tea,5,101,80.97,2024-04-13,Sunny
2024-01-08 06:00:00,P038,Lassi,6,108,36.81,2024-03-10,Rainy
2024-01-08 06:00:00,P022,Coriander,4,103,55.63,2024-07-03,Rainy
2024-01-08 06:00:00,P019,Coke,5,158,53.01,2024-03-12,Cloudy
2024-01-09 00:00:00,P020,Chips,5,138,70.06,2024-05-14,Hot
2024-01-09 00:00:00,P003,Eggs,2,141,53.52,2024-01-18,Rainy
2024-01-09 03:00:00,P035,Samosa,5,111,16.83,2024-03-14,Cloudy
2024-01-09 06:00:00,P039,Soda,8,129,57.41,2024-04-27,Rainy
2024-01-09 06:00:00,P036,Chutney,4,113,86.55,2024-06-30,Hot
2024-01-09 06:00:00,P030,Ice Cream,3,106,42.88,2024-03-16,Rainy
2024-01-09 06:00:00,P029,Mango,5,86,51.39,2024-01-20,Cloudy
2024-01-09 06:00:00,P045,Cucumber,7,124,52.55,2024-01-12,Cloudy
2024-01-09 09:00:00,P036,Chutney,6,55,62.12,2024-05-30,Cloudy
2024-01-09 09:00:00,P043,Cabbage,1,169,25.59,2024-01-18,Sunny
2024-01-09 09:00:00,P030,Ice Cream,5,77,23.06,2024-04-01,Hot
2024-01-09 09:00:00,P044,Carrot,4,102,23.77,2024-01-22,Hot
2024-01-09 09:00:00,P001,Milk,5,113,109.58,2024-01-21,Cloudy
2024-01-09 09:00:00,P023,Turmeric,3,65,36.1,2024-04-17,Hot
2024-01-10 00:00:00,P028,Watermelon,8,109,7.66,2024-01-14,Cloudy
2024-01-10 00:00:00,P043,Cabbage,6,92,47.43,2024-01-13,Cloudy
2024-01-10 00:00:00,P013,Chicken,6,120,127.41,2024-01-12,Hot
2024-01-10 00:00:00,P041,Peas,7,100,15.03,2024-01-15,Cloudy
2024-01-10 03:00:00,P042,Spinach,4,113,39.42,2024-01-17,Sunny
2024-01-10 03:00:00,P018,Biscuits,3,87,22.12,2024-06-08,Rainy
2024-01-10 03:00:00,P003,Eggs,8,78,142.53,2024-01-17,Rainy
2024-01-10 03:00:00,P043,Cabbage,6,46,49.54,2024-01-12,Rainy
2024-01-10 06:00:00,P024,Jeera,3,141,82.28,2024-03-21,Hot
2024-01-10 06:00:00,P022,Coriander,6,198,50.16,2024-02-28,Sunny
2024-01-10 06:00:00,P028,Watermelon,1,123,50.17,2024-01-21,Cloudy
2024-01-10 06:00:00,P018,Biscuits,4,111,49.12,2024-03-21,Rainy
2024-01-10 06:00:00,P027,Cream,5,64,132.35,2024-01-23,Rainy
2024-01-10 06:00:00,P036,Chutney,4,69,21.38,2024-05-14,Hot
2024-01-10 09:00:00,P027,Cream,6,82,74.36,2024-01-18,Cloudy
2024-01-10 09:00:00,P033,Pav,3,95,63.45,2024-01-12,Cloudy
2024-01-10 09:00:00,P016,Sugar,9,106,46.24,2024-05-18,Sunny
2024-01-10 09:00:00,P016,Sugar,9,81,46.62,2024-04-16,Rainy
2024-01-10 09:00:00,P013,Chicken,5,115,196.38,2024-01-11,Cloudy
2024-01-10 09:00:00,P008,Potatoes,2,101,46.97,2024-01-16,Sunny
2024-01-10 09:00:00,P015,Oil,5,150,73.11,2024-03-23,Hot
2024-01-11 00:00:00,P049,Chikki,4,170,62.41,2024-06-18,Cloudy
2024-01-11 00:00:00,P013,Chicken,2,113,395.76,2024-01-12,Cloudy
2024-01-11 00:00:00,P017,Tea,5,63,83.69,2024-04-23,Rainy
2024-01-11 00:00:00,P049,Chikki,5,113,51.96,2024-02-19,Hot
2024-01-11 00:00:00,P044,Carrot,3,78,22.04,2024-01-24,Hot
2024-01-11 00:00:00,P048,Dates,7,93,38.62,2024-01-23,Hot
2024-01-11 00:00:00,P026,Butter,4,51,49.66,2024-01-22,Cloudy
2024-01-11 00:00:00,P047,Rasgulla,3,91,32.32,2024-04-29,Cloudy
2024-01-11 03:00:00,P037,Gulab Jamun,7,113,52.15,2024-03-27,Cloudy
2024-01-11 03:00:00,P038,Lassi,3,137,93.58,2024-02-20,Sunny
2024-01-11 06:00:00,P048,Dates,3,92,30.07,2024-01-21,Rainy
2024-01-11 06:00:00,P002,Bread,8,78,51.24,2024-01-25,Cloudy
2024-01-11 06:00:00,P046,Tomato Puree,2,103,34.32,2024-01-13,Sunny
2024-01-11 06:00:00,P048,Dates,1,95,11.5,2024-01-15,Rainy
2024-01-11 06:00:00,P023,Turmeric,6,54,37.73,2024-04-25,Cloudy
2024-01-11 06:00:00,P042,Spinach,4,60,5.8,2024-01-22,Rainy
2024-01-11 06:00:00,P041,Peas,3,115,17.53,2024-01-17,Cloudy
2024-01-11 06:00:00,P032,Bread Roll,3,134,25.4,2024-01-23,Sunny
2024-01-11 09:00:00,P016,Sugar,7,100,45.81,2024-06-07,Hot
2024-01-11 09:00:00,P041,Peas,3,93,38.26,2024-01-22,Rainy
2024-01-11 09:00:00,P009,Bananas,9,99,35.91,2024-01-21,Hot
2024-01-12 00:00:00,P038,Lassi,9,105,94.19,2024-06-01,Sunny
2024-01-12 00:00:00,P036,Chutney,7,95,55.59,2024-05-13,Hot
2024-01-12 00:00:00,P017,Tea,5,62,75.45,2024-03-12,Sunny
2024-01-12 00:00:00,P015,Oil,7,109,47.61,2024-03-31,Rainy
2024-01-12 03:00:00,P004,Rice,5,87,101.46,2024-05-15,Cloudy
2024-01-12 03:00:00,P010,Apples,4,127,32.02,2024-01-26,Cloudy
2024-01-12 03:00:00,P041,Peas,8,154,30.48,2024-01-16,Hot
2024-01-12 06:00:00,P030,Ice Cream,6,28,71.05,2024-05-14,Hot
2024-01-12 06:00:00,P041,Peas,8,110,27.39,2024-01-13,Sunny
2024-01-12 06:00:00,P006,Onions,3,93,22.65,2024-01-21,Hot
2024-01-12 06:00:00,P027,Cream,11,76,114.13,2024-01-25,Cloudy
2024-01-12 09:00:00,P045,Cucumber,3,34,42.5,2024-01-16,Rainy
2024-01-12 09:00:00,P010,Apples,7,71,46.18,2024-01-14,Hot
2024-01-13 00:00:00,P018,Biscuits,2,119,40.29,2024-04-21,Cloudy
2024-01-13 00:00:00,P037,Gulab Jamun,5,153,21.69,2024-06-11,Cloudy
2024-01-13 00:00:00,P010,Apples,2,76,47.12,2024-01-14,Hot
2024-01-13 00:00:00,P036,Chutney,4,50,96.61,2024-05-12,Hot
2024-01-13 00:00:00,P009,Bananas,6,127,46.3,2024-01-14,Rainy
2024-01-13 00:00:00,P012,Paneer,4,117,92.04,2024-01-19,Cloudy
2024-01-13 03:00:00,P023,Turmeric,4,49,51.53,2024-07-05,Sunny
2024-01-13 03:00:00,P047,Rasgulla,6,139,78.14,2024-05-12,Cloudy
2024-01-13 03:00:00,P039,Soda,8,85,21.03,2024-05-05,Sunny
2024-01-13 06:00:00,P030,Ice Cream,6,39,36.16,2024-03-23,Hot
2024-01-13 06:00:00,P035,Samosa,4,89,54.29,2024-05-02,Hot
2024-01-13 06:00:00,P026,Butter,5,110,124.45,2024-01-27,Rainy
2024-01-13 06:00:00,P034,Vada,4,123,321.88,2024-01-23,Cloudy
2024-01-13 09:00:00,P039,Soda,7,74,62.76,2024-04-14,Rainy
2024-01-13 09:00:00,P026,Butter,1,116,83.49,2024-01-25,Rainy
2024-01-13 09:00:00,P009,Bananas,4,119,41.38,2024-01-27,Sunny
2024-01-13 09:00:00,P049,Chikki,6,34,22.52,2024-06-01,Sunny
2024-01-14 00:00:00,P021,Masala,8,134,75.54,2024-05-12,Rainy
2024-01-14 00:00:00,P005,Dal,4,101,81.54,2024-05-12,Cloudy
2024-01-14 03:00:00,P031,Green Tea,3,66,37.05,2024-03-23,Rainy
2024-01-14 03:00:00,P022,Coriander,7,69,76.66,2024-03-27,Rainy
2024-01-14 03:00:00,P044,Carrot,4,84,47.15,2024-01-24,Cloudy
2024-01-14 06:00:00,P009,Bananas,4,120,18.57,2024-01-24,Rainy
2024-01-14 06:00:00,P039,Soda,2,104,82.33,2024-03-19,Cloudy
2024-01-14 06:00:00,P025,Kurkure,4,140,58.64,2024-03-11,Sunny
2024-01-14 06:00:00,P009,Bananas,5,93,44.39,2024-01-24,Rainy
2024-01-14 06:00:00,P040,Pickle,10,123,87.15,2024-06-26,Cloudy
2024-01-14 06:00:00,P044,Carrot,4,128,24.17,2024-01-22,Cloudy
2024-01-14 06:00:00,P006,Onions,4,132,54.59,2024-01-26,Cloudy
2024-01-14 09:00:00,P047,Rasgulla,3,104,64.09,2024-07-08,Sunny
2024-01-14 09:00:00,P020,Chips,6,135,53.21,2024-05-07,Sunny
2024-01-14 09:00:00,P017,Tea,1,100,83.36,2024-04-08,Rainy
2024-01-14 09:00:00,P019,Coke,5,128,66.89,2024-02-23,Cloudy
2024-01-14 09:00:00,P031,Green Tea,6,94,85.98,2024-06-01,Sunny
2024-01-15 00:00:00,P014,Fish,7,65,210.31,2024-01-23,Sunny
2024-01-15 00:00:00,P032,Bread Roll,5,67,41.94,2024-01-26,Rainy
2024-01-15 00:00:00,P003,Eggs,4,121,36.37,2024-01-26,Rainy
2024-01-15 00:00:00,P006,Onions,4,134,53.39,2024-01-25,Rainy
2024-01-15 03:00:00,P028,Watermelon,4,52,43.28,2024-01-23,Rainy
2024-01-15 03:00:00,P022,Coriander,2,88,36.25,2024-06-18,Sunny
2024-01-15 03:00:00,P032,Bread Roll,5,74,58.32,2024-01-28,Cloudy
2024-01-15 06:00:00,P037,Gulab Jamun,5,127,46.61,2024-04-01,Cloudy
2024-01-15 06:00:00,P023,Turmeric,1,128,27.2,2024-03-10,Rainy
2024-01-15 06:00:00,P031,Green Tea,3,95,95.55,2024-05-10,Cloudy
2024-01-15 09:00:00,P018,Biscuits,8,137,32.26,2024-04-13,Sunny
2024-01-15 09:00:00,P035,Samosa,3,71,52.18,2024-04-19,Cloudy
2024-01-15 09:00:00,P002,Bread,8,119,13.91,2024-01-28,Hot
2024-01-15 09:00:00,P028,Watermelon,4,61,49.33,2024-01-29,Hot
2024-01-16 00:00:00,P017,Tea,9,72,30.27,2024-02-21,Hot
2024-01-16 00:00:00,P032,Bread Roll,5,151,68.42,2024-01-28,Sunny
2024-01-16 00:00:00,P013,Chicken,6,97,367.15,2024-01-21,Sunny
2024-01-16 00:00:00,P012,Paneer,2,99,75.01,2024-01-22,Rainy
2024-01-16 00:00:00,P013,Chicken,6,89,416.19,2024-01-30,Rainy
2024-01-16 00:00:00,P009,Bananas,2,71,18.93,2024-01-19,Rainy
2024-01-16 00:00:00,P015,Oil,4,85,63.18,2024-03-17,Cloudy
2024-01-16 03:00:00,P043,Cabbage,6,16,7.47,2024-01-18,Cloudy
2024-01-16 03:00:00,P040,Pickle,5,57,93.39,2024-05-02,Hot
2024-01-16 03:00:00,P042,Spinach,5,85,24.3,2024-01-29,Cloudy
2024-01-16 03:00:00,P013,Chicken,6,40,432.08,2024-01-28,Hot
2024-01-16 03:00:00,P047,Rasgulla,6,116,60.82,2024-02-20,Sunny
2024-01-16 06:00:00,P007,Tomatoes,2,153,38.9,2024-01-25,Hot
2024-01-16 06:00:00,P007,Tomatoes,4,88,30.73,2024-01-26,Hot
2024-01-16 06:00:00,P008,Potatoes,9,91,31.08,2024-01-25,Rainy
2024-01-16 09:00:00,P040,Pickle,3,113,80.01,2024-03-17,Hot
2024-01-16 09:00:00,P001,Milk,5,124,109.18,2024-01-17,Sunny
2024-01-17 00:00:00,P011,Yogurt,4,62,101.04,2024-01-21,Rainy
2024-01-17 00:00:00,P015,Oil,6,58,110.09,2024-04-11,Rainy
2024-01-17 00:00:00,P007,Tomatoes,5,63,41.92,2024-01-19,Hot
2024-01-17 00:00:00,P013,Chicken,4,62,254.8,2024-01-24,Sunny
2024-01-17 03:00:00,P029,Mango,5,64,13.39,2024-01-29,Sunny
2024-01-17 03:00:00,P039,Soda,5,94,46.84,2024-03-27,Rainy
2024-01-17 03:00:00,P021,Masala,1,116,30.17,2024-05-05,Cloudy
2024-01-17 06:00:00,P045,Cucumber,5,54,23.16,2024-01-24,Sunny
2024-01-17 06:00:00,P020,Chips,3,41,29.79,2024-06-05,Rainy
2024-01-17 06:00:00,P025,Kurkure,7,35,49.57,2024-04-21,Rainy
2024-01-17 06:00:00,P048,Dates,5,129,47.82,2024-01-30,Cloudy
2024-01-17 06:00:00,P010,Apples,4,137,46.04,2024-01-25,Rainy
2024-01-17 06:00:00,P030,Ice Cream,6,76,32.06,2024-04-12,Cloudy
2024-01-17 09:00:00,P007,Tomatoes,4,126,11.76,2024-01-18,Hot
2024-01-17 09:00:00,P043,Cabbage,11,86,7.7,2024-01-27,Cloudy
2024-01-17 09:00:00,P024,Jeera,4,71,97.0,2024-05-26,Rainy
2024-01-17 09:00:00,P049,Chikki,5,52,22.61,2024-03-10,Sunny
2024-01-17 09:00:00,P044,Carrot,7,77,58.65,2024-01-18,Cloudy
2024-01-17 09:00:00,P018,Biscuits,7,132,52.01,2024-06-11,Hot
2024-01-18 00:00:00,P040,Pickle,7,90,78.11,2024-06-25,Sunny
2024-01-18 00:00:00,P041,Peas,3,99,40.84,2024-01-30,Cloudy
2024-01-18 00:00:00,P022,Coriander,7,5,87.42,2024-06-01,Rainy
2024-01-18 00:00:00,P033,Pav,5,114,57.12,2024-01-22,Sunny
2024-01-18 00:00:00,P037,Gulab Jamun,7,150,28.0,2024-04-11,Sunny
2024-01-18 00:00:00,P016,Sugar,4,102,81.62,2024-05-28,Hot
2024-01-18 03:00:00,P018,Biscuits,5,92,75.82,2024-06-26,Sunny
2024-01-18 03:00:00,P034,Vada,6,103,425.98,2024-01-19,Cloudy
2024-01-18 03:00:00,P013,Chicken,5,66,214.43,2024-01-23,Hot
2024-01-18 06:00:00,P038,Lassi,3,112,79.81,2024-02-25,Cloudy
2024-01-18 06:00:00,P035,Samosa,9,74,39.66,2024-05-13,Hot
2024-01-18 09:00:00,P040,Pickle,8,104,47.77,2024-04-21,Hot
2024-01-18 09:00:00,P034,Vada,4,122,163.42,2024-01-25,Cloudy
2024-01-18 09:00:00,P012,Paneer,0,56,90.59,2024-01-24,Hot
2024-01-18 09:00:00,P039,Soda,1,146,19.32,2024-03-09,Rainy
2024-01-18 09:00:00,P023,Turmeric,2,144,94.39,2024-03-08,Rainy
2024-01-18 09:00:00,P013,Chicken,5,97,279.33,2024-01-26,Cloudy
2024-01-18 09:00:00,P025,Kurkure,8,137,54.12,2024-03-07,Hot
2024-01-19 00:00:00,P041,Peas,6,79,58.3,2024-01-29,Sunny
2024-01-19 00:00:00,P027,Cream,4,79,44.22,2024-01-20,Rainy
2024-01-19 00:00:00,P011,Yogurt,5,112,110.97,2024-01-27,Rainy
2024-01-19 00:00:00,P003,Eggs,7,109,40.26,2024-02-01,Rainy
2024-01-19 00:00:00,P014,Fish,4,78,299.59,2024-02-01,Hot
2024-01-19 03:00:00,P002,Bread,3,131,49.48,2024-01-29,Sunny
2024-01-19 03:00:00,P001,Milk,6,62,105.49,2024-01-30,Rainy
2024-01-19 03:00:00,P004,Rice,6,94,77.26,2024-05-03,Cloudy
2024-01-19 06:00:00,P019,Coke,6,55,39.99,2024-06-21,Hot
2024-01-19 06:00:00,P020,Chips,5,96,46.63,2024-06-14,Hot
2024-01-19 06:00:00,P003,Eggs,4,134,74.31,2024-01-27,Rainy
2024-01-19 06:00:00,P004,Rice,2,81,64.37,2024-06-29,Hot
2024-01-19 06:00:00,P028,Watermelon,3,150,26.81,2024-01-23,Hot
2024-01-19 09:00:00,P040,Pickle,3,96,51.99,2024-03-17,Sunny
2024-01-19 09:00:00,P026,Butter,0,137,48.39,2024-02-02,Rainy
2024-01-19 09:00:00,P010,Apples,1,109,53.4,2024-01-28,Cloudy
2024-01-19 09:00:00,P032,Bread Roll,6,96,42.71,2024-01-26,Hot
2024-01-19 09:00:00,P023,Turmeric,5,117,64.62,2024-03-20,Cloudy
2024-01-20 00:00:00,P049,Chikki,3,98,68.94,2024-05-25,Cloudy
2024-01-20 00:00:00,P013,Chicken,6,68,236.77,2024-01-28,Cloudy
2024-01-20 00:00:00,P029,Mango,3,73,57.13,2024-02-03,Cloudy
2024-01-20 00:00:00,P030,Ice Cream,4,135,67.43,2024-05-07,Rainy
2024-01-20 03:00:00,P027,Cream,8,70,84.04,2024-01-23,Sunny
2024-01-20 03:00:00,P020,Chips,6,116,27.29,2024-02-22,Rainy
2024-01-20 03:00:00,P002,Bread,7,103,76.55,2024-01-26,Sunny
2024-01-20 03:00:00,P025,Kurkure,5,99,78.45,2024-05-24,Sunny
2024-01-20 06:00:00,P008,Potatoes,3,88,32.99,2024-01-25,Rainy
2024-01-20 06:00:00,P026,Butter,7,78,53.64,2024-02-03,Cloudy
2024-01-20 06:00:00,P006,Onions,3,149,33.38,2024-01-29,Rainy
2024-01-20 09:00:00,P022,Coriander,5,101,95.81,2024-07-10,Cloudy
2024-01-20 09:00:00,P048,Dates,8,81,31.1,2024-02-03,Rainy
2024-01-20 09:00:00,P048,Dates,10,68,38.57,2024-01-27,Sunny
2024-01-21 00:00:00,P030,Ice Cream,2,116,66.94,2024-06-15,Cloudy
2024-01-21 00:00:00,P047,Rasgulla,2,110,55.84,2024-06-20,Sunny
2024-01-21 00:00:00,P029,Mango,5,79,8.43,2024-01-28,Cloudy
2024-01-21 03:00:00,P024,Jeera,5,106,93.27,2024-02-24,Rainy
2024-01-21 03:00:00,P048,Dates,3,83,32.12,2024-01-30,Cloudy
2024-01-21 03:00:00,P048,Dates,11,134,45.05,2024-01-29,Rainy
2024-01-21 03:00:00,P001,Milk,9,104,144.03,2024-02-02,Rainy
2024-01-21 03:00:00,P012,Paneer,4,71,93.63,2024-02-01,Cloudy
2024-01-21 03:00:00,P039,Soda,2,119,19.29,2024-04-07,Cloudy
2024-01-21 03:00:00,P041,Peas,12,123,10.71,2024-01-24,Sunny
2024-01-21 06:00:00,P036,Chutney,6,84,62.55,2024-04-02,Rainy
2024-01-21 06:00:00,P003,Eggs,5,91,32.08,2024-02-01,Cloudy
2024-01-21 06:00:00,P005,Dal,5,78,90.29,2024-04-18,Hot
2024-01-21 06:00:00,P031,Green Tea,8,129,20.65,2024-06-13,Cloudy
2024-01-21 06:00:00,P048,Dates,8,97,14.78,2024-01-24,Sunny
2024-01-21 06:00:00,P039,Soda,7,93,89.5,2024-03-04,Sunny
2024-01-21 09:00:00,P004,Rice,12,110,55.83,2024-06-10,Cloudy
2024-01-21 09:00:00,P009,Bananas,5,93,13.72,2024-01-30,Rainy
2024-01-21 09:00:00,P033,Pav,12,103,72.58,2024-02-01,Rainy
2024-01-21 09:00:00,P028,Watermelon,0,81,20.47,2024-02-04,Sunny
2024-01-22 00:00:00,P050,Farsan,4,83,50.85,2024-03-07,Hot
2024-01-22 00:00:00,P046,Tomato Puree,6,91,9.05,2024-01-31,Hot
2024-01-22 00:00:00,P036,Chutney,6,75,67.83,2024-07-06,Hot
2024-01-22 00:00:00,P004,Rice,6,115,42.31,2024-05-22,Hot
2024-01-22 03:00:00,P032,Bread Roll,5,127,30.0,2024-01-27,Cloudy
2024-01-22 03:00:00,P001,Milk,4,87,105.71,2024-02-01,Cloudy
2024-01-22 03:00:00,P002,Bread,2,136,47.41,2024-01-29,Hot
2024-01-22 03:00:00,P047,Rasgulla,6,103,34.28,2024-07-06,Sunny
2024-01-22 03:00:00,P047,Rasgulla,7,74,21.76,2024-04-04,Sunny
2024-01-22 06:00:00,P016,Sugar,2,94,57.25,2024-07-19,Sunny
2024-01-22 06:00:00,P047,Rasgulla,3,152,43.17,2024-02-21,Rainy
2024-01-22 06:00:00,P018,Biscuits,7,116,79.0,2024-03-26,Hot
2024-01-22 06:00:00,P001,Milk,6,95,97.97,2024-02-01,Rainy
2024-01-22 06:00:00,P034,Vada,5,85,325.19,2024-01-23,Rainy
2024-01-22 09:00:00,P007,Tomatoes,5,91,7.52,2024-01-29,Hot
2024-01-22 09:00:00,P031,Green Tea,5,139,40.86,2024-07-07,Hot
2024-01-22 09:00:00,P010,Apples,7,84,13.23,2024-01-23,Rainy
2024-01-22 09:00:00,P024,Jeera,6,123,43.36,2024-05-13,Rainy
2024-01-22 09:00:00,P017,Tea,5,155,42.87,2024-05-21,Cloudy
2024-01-23 00:00:00,P002,Bread,7,72,31.38,2024-01-29,Cloudy
2024-01-23 00:00:00,P035,Samosa,4,88,58.69,2024-06-06,Rainy
2024-01-23 03:00:00,P050,Farsan,7,111,53.8,2024-04-17,Cloudy
2024-01-23 03:00:00,P041,Peas,8,170,24.12,2024-01-26,Cloudy
2024-01-23 03:00:00,P032,Bread Roll,1,119,48.39,2024-01-27,Hot
2024-01-23 03:00:00,P048,Dates,8,102,56.18,2024-01-27,Cloudy
2024-01-23 03:00:00,P007,Tomatoes,5,95,41.33,2024-01-27,Hot
2024-01-23 03:00:00,P036,Chutney,6,116,46.36,2024-04-30,Hot
2024-01-23 03:00:00,P005,Dal,3,116,86.71,2024-03-27,Cloudy
2024-01-23 03:00:00,P033,Pav,2,112,21.75,2024-02-03,Sunny
2024-01-23 03:00:00,P016,Sugar,2,22,95.49,2024-03-30,Cloudy
2024-01-23 06:00:00,P008,Potatoes,7,133,21.33,2024-02-01,Rainy
2024-01-23 06:00:00,P006,Onions,4,140,10.2,2024-01-24,Rainy
2024-01-23 06:00:00,P015,Oil,3,107,93.1,2024-06-08,Sunny
2024-01-23 09:00:00,P016,Sugar,6,71,115.92,2024-03-16,Hot
2024-01-23 09:00:00,P004,Rice,8,130,87.8,2024-06-03,Rainy
2024-01-23 09:00:00,P016,Sugar,5,155,98.37,2024-02-26,Sunny
2024-01-23 09:00:00,P007,Tomatoes,4,70,52.72,2024-01-29,Cloudy
2024-01-23 09:00:00,P021,Masala,5,145,46.57,2024-03-01,Sunny
2024-01-23 09:00:00,P045,Cucumber,6,85,45.51,2024-02-05,Hot
2024-01-23 09:00:00,P007,Tomatoes,3,78,31.89,2024-01-25,Sunny
2024-01-24 00:00:00,P002,Bread,8,92,18.98,2024-01-27,Sunny
2024-01-24 00:00:00,P016,Sugar,9,103,108.93,2024-05-06,Cloudy
2024-01-24 00:00:00,P011,Yogurt,8,128,50.11,2024-02-04,Rainy
2024-01-24 00:00:00,P028,Watermelon,5,40,35.27,2024-02-07,Sunny
2024-01-24 00:00:00,P026,Butter,4,140,40.92,2024-01-26,Cloudy
2024-01-24 00:00:00,P036,Chutney,9,67,70.95,2024-06-01,Sunny
2024-01-24 03:00:00,P042,Spinach,1,123,43.78,2024-01-25,Hot
2024-01-24 06:00:00,P012,Paneer,9,117,64.58,2024-02-07,Sunny
2024-01-24 06:00:00,P017,Tea,7,147,43.39,2024-06-04,Sunny
2024-01-24 06:00:00,P043,Cabbage,4,68,52.52,2024-02-04,Hot
2024-01-24 09:00:00,P050,Farsan,8,108,25.04,2024-05-10,Hot
2024-01-24 09:00:00,P033,Pav,5,115,73.26,2024-02-06,Cloudy
2024-01-24 09:00:00,P037,Gulab Jamun,3,143,11.58,2024-05-25,Sunny
2024-01-25 00:00:00,P039,Soda,3,94,35.1,2024-05-03,Sunny
2024-01-25 00:00:00,P028,Watermelon,9,112,10.96,2024-01-31,Sunny
2024-01-25 00:00:00,P046,Tomato Puree,4,104,49.31,2024-01-26,Cloudy
2024-01-25 03:00:00,P021,Masala,8,71,50.97,2024-03-14,Sunny
2024-01-25 03:00:00,P044,Carrot,11,49,5.51,2024-02-02,Hot
2024-01-25 03:00:00,P024,Jeera,3,80,43.58,2024-06-19,Hot
2024-01-25 06:00:00,P019,Coke,5,85,29.11,2024-02-28,Sunny
2024-01-25 06:00:00,P003,Eggs,4,155,56.77,2024-02-06,Sunny
2024-01-25 06:00:00,P001,Milk,10,86,89.28,2024-02-04,Sunny
2024-01-25 06:00:00,P030,Ice Cream,8,78,31.35,2024-05-16,Rainy
2024-01-25 09:00:00,P029,Mango,3,43,38.99,2024-01-27,Hot
2024-01-25 09:00:00,P032,Bread Roll,6,104,18.99,2024-01-28,Rainy
2024-01-26 00:00:00,P032,Bread Roll,9,125,36.87,2024-02-06,Cloudy
2024-01-26 00:00:00,P015,Oil,5,131,61.63,2024-05-06,Rainy
2024-01-26 00:00:00,P041,Peas,2,95,31.72,2024-02-01,Cloudy
2024-01-26 00:00:00,P033,Pav,2,108,31.68,2024-02-05,Hot
2024-01-26 00:00:00,P007,Tomatoes,4,100,6.53,2024-02-08,Hot
2024-01-26 00:00:00,P048,Dates,9,119,51.55,2024-02-02,Cloudy
2024-01-26 00:00:00,P025,Kurkure,8,83,65.18,2024-03-13,Rainy
2024-01-26 03:00:00,P025,Kurkure,5,104,18.54,2024-04-18,Rainy
2024-01-26 03:00:00,P013,Chicken,7,64,228.79,2024-02-06,Hot
2024-01-26 06:00:00,P006,Onions,6,99,15.32,2024-01-29,Cloudy
2024-01-26 06:00:00,P005,Dal,4,95,87.83,2024-05-15,Cloudy
2024-01-26 06:00:00,P024,Jeera,4,84,33.32,2024-06-19,Rainy
2024-01-26 09:00:00,P025,Kurkure,10,93,71.33,2024-03-22,Rainy
2024-01-26 09:00:00,P027,Cream,3,82,118.74,2024-02-04,Hot
2024-01-26 09:00:00,P025,Kurkure,6,72,16.92,2024-03-26,Rainy
2024-01-26 09:00:00,P006,Onions,6,128,19.13,2024-02-05,Rainy
2024-01-26 09:00:00,P026,Butter,5,94,130.01,2024-02-04,Hot
2024-01-27 00:00:00,P038,Lassi,6,108,88.24,2024-04-30,Sunny
2024-01-27 00:00:00,P025,Kurkure,6,117,66.8,2024-05-02,Hot
2024-01-27 00:00:00,P047,Rasgulla,7,76,18.16,2024-03-08,Rainy
2024-01-27 00:00:00,P046,Tomato Puree,1,141,57.05,2024-02-09,Hot
2024-01-27 00:00:00,P006,Onions,3,83,38.21,2024-02-07,Cloudy
2024-01-27 00:00:00,P032,Bread Roll,5,122,38.33,2024-01-29,Rainy
2024-01-27 00:00:00,P002,Bread,8,93,51.58,2024-02-01,Cloudy
2024-01-27 00:00:00,P023,Turmeric,4,119,33.26,2024-06-08,Rainy
2024-01-27 00:00:00,P033,Pav,7,151,72.08,2024-02-05,Rainy
2024-01-27 00:00:00,P014,Fish,4,125,484.12,2024-02-03,Rainy
2024-01-27 03:00:00,P030,Ice Cream,6,46,46.42,2024-03-25,Sunny
2024-01-27 03:00:00,P019,Coke,5,123,57.1,2024-03-24,Sunny
2024-01-27 03:00:00,P048,Dates,5,113,40.47,2024-02-02,Rainy
2024-01-27 03:00:00,P043,Cabbage,5,89,39.32,2024-02-09,Cloudy
2024-01-27 03:00:00,P027,Cream,5,55,68.09,2024-02-06,Cloudy
2024-01-27 06:00:00,P022,Coriander,6,55,31.76,2024-07-15,Sunny
2024-01-27 06:00:00,P005,Dal,3,115,75.45,2024-07-23,Cloudy
2024-01-27 09:00:00,P039,Soda,6,103,52.8,2024-06-21,Cloudy
2024-01-27 09:00:00,P038,Lassi,7,88,46.44,2024-03-03,Cloudy
2024-01-27 09:00:00,P007,Tomatoes,4,100,57.8,2024-02-08,Hot
2024-01-28 00:00:00,P034,Vada,5,103,239.69,2024-01-30,Hot
2024-01-28 00:00:00,P009,Bananas,4,93,5.79,2024-02-11,Rainy
2024-01-28 03:00:00,P044,Carrot,4,74,45.16,2024-01-29,Rainy
2024-01-28 03:00:00,P012,Paneer,10,141,90.92,2024-02-04,Rainy
2024-01-28 03:00:00,P040,Pickle,4,128,97.32,2024-06-09,Hot
2024-01-28 03:00:00,P041,Peas,6,87,45.0,2024-02-05,Cloudy
2024-01-28 03:00:00,P004,Rice,5,77,86.65,2024-05-11,Sunny
2024-01-28 06:00:00,P010,Apples,7,104,39.8,2024-02-07,Cloudy
2024-01-28 06:00:00,P016,Sugar,5,54,100.87,2024-03-14,Sunny
2024-01-28 06:00:00,P033,Pav,5,105,56.84,2024-02-01,Cloudy
2024-01-28 06:00:00,P024,Jeera,2,57,98.82,2024-05-22,Sunny
2024-01-28 06:00:00,P044,Carrot,3,120,29.42,2024-02-05,Cloudy
2024-01-28 06:00:00,P047,Rasgulla,2,69,74.47,2024-04-28,Rainy
2024-01-28 09:00:00,P033,Pav,5,150,28.85,2024-02-09,Rainy
2024-01-28 09:00:00,P048,Dates,4,103,59.22,2024-01-30,Rainy
2024-01-28 09:00:00,P045,Cucumber,5,98,49.23,2024-02-11,Sunny
2024-01-28 09:00:00,P041,Peas,3,93,23.13,2024-02-08,Cloudy
2024-01-29 00:00:00,P017,Tea,4,103,60.16,2024-05-19,Hot
2024-01-29 00:00:00,P010,Apples,7,79,39.8,2024-02-10,Hot
2024-01-29 00:00:00,P039,Soda,2,97,56.01,2024-04-06,Rainy
2024-01-29 03:00:00,P030,Ice Cream,5,52,12.22,2024-04-24,Sunny
2024-01-29 03:00:00,P047,Rasgulla,3,126,28.59,2024-04-11,Sunny
2024-01-29 06:00:00,P044,Carrot,2,122,15.87,2024-02-02,Sunny
2024-01-29 06:00:00,P043,Cabbage,2,122,38.01,2024-02-11,Sunny
2024-01-29 06:00:00,P008,Potatoes,6,118,8.55,2024-02-06,Cloudy
2024-01-29 06:00:00,P037,Gulab Jamun,6,94,74.45,2024-03-18,Cloudy
2024-01-29 06:00:00,P038,Lassi,10,115,96.88,2024-05-07,Cloudy
2024-01-29 06:00:00,P006,Onions,8,84,9.51,2024-02-01,Rainy
2024-01-29 09:00:00,P013,Chicken,2,148,494.65,2024-02-12,Cloudy
2024-01-29 09:00:00,P033,Pav,6,135,59.54,2024-02-10,Rainy
2024-01-29 09:00:00,P041,Peas,6,101,10.23,2024-02-10,Cloudy
2024-01-29 09:00:00,P036,Chutney,5,87,73.83,2024-03-04,Cloudy
2024-01-29 09:00:00,P007,Tomatoes,4,105,57.66,2024-02-10,Cloudy
2024-01-29 09:00:00,P005,Dal,2,137,77.65,2024-05-05,Hot
2024-01-30 00:00:00,P019,Coke,5,107,25.57,2024-06-23,Rainy
2024-01-30 00:00:00,P014,Fish,1,107,163.71,2024-02-06,Cloudy
2024-01-30 00:00:00,P034,Vada,5,85,149.14,2024-02-05,Hot
2024-01-30 00:00:00,P002,Bread,8,70,54.39,2024-02-10,Cloudy
2024-01-30 00:00:00,P048,Dates,5,151,48.28,2024-02-04,Cloudy
2024-01-30 00:00:00,P045,Cucumber,6,112,17.32,2024-02-12,Rainy
2024-01-30 00:00:00,P038,Lassi,3,122,95.65,2024-03-18,Rainy
2024-01-30 03:00:00,P029,Mango,9,97,27.88,2024-02-11,Rainy
2024-01-30 03:00:00,P043,Cabbage,4,79,13.39,2024-02-05,Hot
2024-01-30 03:00:00,P040,Pickle,6,84,81.08,2024-04-25,Hot
2024-01-30 03:00:00,P013,Chicken,1,82,379.42,2024-02-11,Rainy
2024-01-30 03:00:00,P024,Jeera,11,70,27.72,2024-04-27,Hot
2024-01-30 03:00:00,P037,Gulab Jamun,4,99,13.54,2024-07-18,Cloudy
2024-01-30 06:00:00,P044,Carrot,7,83,18.13,2024-02-06,Rainy
2024-01-30 06:00:00,P049,Chikki,2,131,53.66,2024-03-25,Rainy
2024-01-30 06:00:00,P044,Carrot,5,142,9.96,2024-02-11,Cloudy
2024-01-30 06:00:00,P042,Spinach,4,56,29.15,2024-02-06,Rainy
2024-01-30 09:00:00,P024,Jeera,5,95,24.84,2024-05-16,Hot
2024-01-30 09:00:00,P034,Vada,4,123,291.24,2024-02-05,Cloudy
2024-01-31 00:00:00,P046,Tomato Puree,8,89,10.61,2024-02-14,Rainy
2024-01-31 00:00:00,P049,Chikki,1,104,26.7,2024-07-25,Sunny
2024-01-31 00:00:00,P003,Eggs,3,90,124.24,2024-02-05,Cloudy
2024-01-31 03:00:00,P035,Samosa,4,110,32.84,2024-03-10,Cloudy
2024-01-31 03:00:00,P016,Sugar,5,46,56.85,2024-07-26,Hot
2024-01-31 06:00:00,P033,Pav,7,115,70.56,2024-02-04,Cloudy
2024-01-31 06:00:00,P024,Jeera,2,120,20.64,2024-04-21,Hot
2024-01-31 06:00:00,P022,Coriander,4,74,83.03,2024-07-25,Hot
2024-01-31 06:00:00,P044,Carrot,5,151,47.52,2024-02-13,Cloudy
2024-01-31 06:00:00,P025,Kurkure,5,107,25.27,2024-07-20,Hot
2024-01-31 06:00:00,P018,Biscuits,4,75,33.25,2024-07-13,Rainy
2024-01-31 06:00:00,P007,Tomatoes,5,47,11.73,2024-02-13,Hot
2024-01-31 06:00:00,P002,Bread,2,79,19.86,2024-02-04,Cloudy
2024-01-31 09:00:00,P018,Biscuits,8,144,59.98,2024-07-18,Rainy
2024-01-31 09:00:00,P049,Chikki,2,144,46.84,2024-03-27,Rainy
2024-01-31 09:00:00,P030,Ice Cream,7,138,57.86,2024-05-26,Hot
2024-01-31 09:00:00,P011,Yogurt,6,94,68.26,2024-02-14,Cloudy
2024-02-01 00:00:00,P022,Coriander,6,115,93.79,2024-07-24,Rainy
2024-02-01 00:00:00,P022,Coriander,1,196,71.25,2024-03-18,Hot
2024-02-01 00:00:00,P036,Chutney,2,81,88.54,2024-04-15,Rainy
2024-02-01 03:00:00,P014,Fish,3,139,413.46,2024-02-03,Hot
2024-02-01 03:00:00,P040,Pickle,6,44,23.18,2024-04-07,Hot
2024-02-01 03:00:00,P031,Green Tea,5,104,40.44,2024-03-03,Sunny
2024-02-01 03:00:00,P028,Watermelon,2,40,32.86,2024-02-13,Cloudy
2024-02-01 03:00:00,P045,Cucumber,4,100,12.37,2024-02-07,Rainy
2024-02-01 03:00:00,P008,Potatoes,9,106,43.4,2024-02-09,Cloudy
2024-02-01 06:00:00,P042,Spinach,6,81,35.82,2024-02-15,Cloudy
2024-02-01 06:00:00,P037,Gulab Jamun,3,60,65.87,2024-04-02,Cloudy
2024-02-01 06:00:00,P015,Oil,13,134,60.07,2024-05-21,Rainy
2024-02-01 06:00:00,P019,Coke,7,107,49.79,2024-03-19,Cloudy
2024-02-01 09:00:00,P010,Apples,4,126,32.34,2024-02-15,Cloudy
2024-02-01 09:00:00,P022,Coriander,4,109,45.63,2024-04-20,Hot
2024-02-01 09:00:00,P019,Coke,4,102,36.95,2024-06-07,Cloudy
2024-02-01 09:00:00,P031,Green Tea,11,79,63.85,2024-07-22,Sunny
2024-02-01 09:00:00,P037,Gulab Jamun,3,147,30.67,2024-04-05,Sunny
2024-02-01 09:00:00,P007,Tomatoes,4,139,26.64,2024-02-05,Rainy
2024-02-02 00:00:00,P019,Coke,6,118,33.68,2024-04-03,Cloudy
2024-02-02 00:00:00,P032,Bread Roll,3,76,34.61,2024-02-12,Sunny
2024-02-02 00:00:00,P042,Spinach,9,110,52.29,2024-02-04,Sunny
2024-02-02 00:00:00,P005,Dal,2,93,50.99,2024-03-28,Rainy
2024-02-02 00:00:00,P038,Lassi,11,84,59.17,2024-05-29,Sunny
2024-02-02 03:00:00,P016,Sugar,4,84,58.17,2024-03-14,Sunny
2024-02-02 03:00:00,P006,Onions,9,109,37.58,2024-02-07,Cloudy
2024-02-02 03:00:00,P037,Gulab Jamun,4,100,22.24,2024-04-01,Rainy
2024-02-02 03:00:00,P038,Lassi,7,91,79.04,2024-03-25,Rainy
2024-02-02 03:00:00,P030,Ice Cream,7,90,12.79,2024-06-10,Sunny
2024-02-02 03:00:00,P029,Mango,3,117,35.94,2024-02-14,Hot
2024-02-02 03:00:00,P046,Tomato Puree,3,104,7.04,2024-02-08,Sunny
2024-02-02 03:00:00,P048,Dates,9,74,24.53,2024-02-13,Cloudy
2024-02-02 06:00:00,P028,Watermelon,3,121,21.37,2024-02-10,Hot
2024-02-02 06:00:00,P017,Tea,4,94,40.8,2024-03-18,Hot
2024-02-02 06:00:00,P047,Rasgulla,5,114,38.3,2024-07-27,Cloudy
2024-02-02 09:00:00,P004,Rice,4,81,76.3,2024-04-16,Hot
2024-02-02 09:00:00,P008,Potatoes,5,114,35.17,2024-02-06,Sunny
2024-02-02 09:00:00,P016,Sugar,4,114,49.83,2024-04-11,Hot
2024-02-02 09:00:00,P013,Chicken,5,106,248.14,2024-02-12,Cloudy
2024-02-03 00:00:00,P025,Kurkure,8,97,11.47,2024-06-14,Sunny
2024-02-03 00:00:00,P023,Turmeric,3,117,58.8,2024-06-21,Sunny
2024-02-03 00:00:00,P048,Dates,4,65,14.63,2024-02-08,Sunny
2024-02-03 00:00:00,P027,Cream,2,75,63.81,2024-02-08,Cloudy
2024-02-03 00:00:00,P004,Rice,5,126,105.23,2024-06-19,Hot
2024-02-03 00:00:00,P013,Chicken,2,100,468.95,2024-02-17,Cloudy
2024-02-03 00:00:00,P038,Lassi,8,130,28.79,2024-06-01,Hot
2024-02-03 00:00:00,P027,Cream,5,103,101.61,2024-02-10,Sunny
2024-02-03 03:00:00,P013,Chicken,8,97,417.79,2024-02-05,Rainy
2024-02-03 03:00:00,P006,Onions,8,70,54.25,2024-02-16,Sunny
2024-02-03 03:00:00,P039,Soda,9,99,66.69,2024-03-18,Sunny
2024-02-03 03:00:00,P029,Mango,3,157,19.29,2024-02-15,Cloudy
2024-02-03 03:00:00,P046,Tomato Puree,8,90,6.1,2024-02-05,Hot
2024-02-03 06:00:00,P017,Tea,7,96,91.9,2024-06-21,Hot
2024-02-03 06:00:00,P016,Sugar,4,73,68.9,2024-04-22,Sunny
2024-02-03 06:00:00,P025,Kurkure,4,151,44.92,2024-07-08,Hot
2024-02-03 09:00:00,P014,Fish,3,82,265.7,2024-02-08,Rainy
2024-02-03 09:00:00,P050,Farsan,3,74,37.96,2024-06-17,Sunny
2024-02-04 00:00:00,P040,Pickle,6,84,97.87,2024-06-15,Hot
2024-02-04 00:00:00,P028,Watermelon,4,110,40.59,2024-02-16,Hot
2024-02-04 00:00:00,P043,Cabbage,6,96,22.01,2024-02-11,Cloudy
2024-02-04 00:00:00,P031,Green Tea,8,103,87.49,2024-06-23,Rainy
2024-02-04 00:00:00,P033,Pav,2,149,21.05,2024-02-05,Hot
2024-02-04 00:00:00,P039,Soda,5,136,95.45,2024-08-01,Cloudy
2024-02-04 00:00:00,P021,Masala,6,113,39.32,2024-07-03,Hot
2024-02-04 00:00:00,P003,Eggs,2,90,139.45,2024-02-16,Sunny
2024-02-04 00:00:00,P001,Milk,2,49,137.23,2024-02-10,Hot
2024-02-04 00:00:00,P038,Lassi,5,54,53.39,2024-07-03,Hot
2024-02-04 03:00:00,P026,Butter,10,119,111.4,2024-02-09,Sunny
2024-02-04 03:00:00,P030,Ice Cream,4,47,34.56,2024-07-04,Cloudy
2024-02-04 03:00:00,P008,Potatoes,6,110,5.39,2024-02-11,Sunny
2024-02-04 06:00:00,P038,Lassi,5,82,85.05,2024-03-08,Hot
2024-02-04 06:00:00,P031,Green Tea,8,62,67.4,2024-04-15,Rainy
2024-02-04 06:00:00,P019,Coke,4,112,19.17,2024-04-16,Rainy
2024-02-04 06:00:00,P004,Rice,1,64,78.8,2024-04-17,Sunny
2024-02-04 06:00:00,P002,Bread,2,76,25.37,2024-02-15,Sunny
2024-02-04 06:00:00,P046,Tomato Puree,5,96,26.36,2024-02-14,Sunny
2024-02-04 06:00:00,P035,Samosa,4,74,10.37,2024-05-30,Sunny
2024-02-04 06:00:00,P006,Onions,4,136,29.08,2024-02-12,Hot
2024-02-04 06:00:00,P015,Oil,8,56,81.92,2024-04-03,Cloudy
2024-02-04 09:00:00,P010,Apples,4,71,44.68,2024-02-17,Hot
2024-02-04 09:00:00,P038,Lassi,7,90,62.91,2024-06-18,Hot
2024-02-04 09:00:00,P001,Milk,4,130,99.58,2024-02-16,Rainy
2024-02-05 00:00:00,P001,Milk,7,73,143.61,2024-02-13,Rainy
2024-02-05 00:00:00,P031,Green Tea,7,86,63.29,2024-04-26,Rainy
2024-02-05 00:00:00,P019,Coke,6,112,49.59,2024-04-08,Sunny
2024-02-05 00:00:00,P012,Paneer,1,54,134.85,2024-02-14,Sunny
2024-02-05 00:00:00,P021,Masala,7,92,73.59,2024-06-14,Cloudy
2024-02-05 03:00:00,P039,Soda,5,107,16.96,2024-04-24,Cloudy
2024-02-05 03:00:00,P016,Sugar,4,124,40.47,2024-06-13,Hot
2024-02-05 03:00:00,P026,Butter,9,89,139.63,2024-02-15,Cloudy
2024-02-05 06:00:00,P010,Apples,7,93,37.26,2024-02-18,Hot
2024-02-05 06:00:00,P014,Fish,7,114,247.21,2024-02-11,Hot
2024-02-05 06:00:00,P043,Cabbage,4,104,19.02,2024-02-15,Hot
2024-02-05 06:00:00,P043,Cabbage,4,102,10.19,2024-02-11,Hot
2024-02-05 06:00:00,P017,Tea,4,65,17.73,2024-07-23,Hot
2024-02-05 06:00:00,P002,Bread,3,148,41.2,2024-02-11,Rainy
2024-02-05 09:00:00,P026,Butter,6,90,117.96,2024-02-17,Hot
2024-02-05 09:00:00,P015,Oil,7,143,115.06,2024-06-21,Rainy
2024-02-05 09:00:00,P001,Milk,3,126,79.88,2024-02-19,Sunny
2024-02-05 09:00:00,P015,Oil,4,136,50.55,2024-03-10,Hot
2024-02-05 09:00:00,P008,Potatoes,6,146,26.55,2024-02-09,Sunny
2024-02-05 09:00:00,P030,Ice Cream,6,105,24.7,2024-04-19,Rainy
2024-02-06 00:00:00,P003,Eggs,2,97,42.5,2024-02-20,Cloudy
2024-02-06 00:00:00,P016,Sugar,4,96,103.99,2024-03-20,Hot
2024-02-06 00:00:00,P050,Farsan,7,103,26.72,2024-07-03,Cloudy
2024-02-06 03:00:00,P016,Sugar,8,72,44.27,2024-05-22,Sunny
2024-02-06 03:00:00,P040,Pickle,8,76,65.93,2024-06-27,Sunny
2024-02-06 03:00:00,P040,Pickle,8,67,45.0,2024-04-06,Cloudy
2024-02-06 03:00:00,P025,Kurkure,8,86,15.44,2024-07-17,Rainy
2024-02-06 03:00:00,P009,Bananas,6,122,43.27,2024-02-12,Hot
2024-02-06 03:00:00,P050,Farsan,8,81,67.43,2024-03-07,Sunny
2024-02-06 03:00:00,P036,Chutney,3,48,87.85,2024-06-02,Hot
2024-02-06 06:00:00,P020,Chips,9,97,63.7,2024-04-06,Cloudy
2024-02-06 06:00:00,P030,Ice Cream,5,126,34.06,2024-03-11,Cloudy
2024-02-06 06:00:00,P040,Pickle,3,117,97.86,2024-04-13,Cloudy
2024-02-06 06:00:00,P017,Tea,6,147,88.96,2024-07-22,Cloudy
2024-02-06 06:00:00,P022,Coriander,4,120,41.04,2024-06-27,Sunny
2024-02-06 09:00:00,P009,Bananas,4,119,31.34,2024-02-09,Cloudy
2024-02-06 09:00:00,P019,Coke,11,61,42.35,2024-05-17,Cloudy
2024-02-06 09:00:00,P047,Rasgulla,3,68,35.22,2024-03-17,Sunny
2024-02-06 09:00:00,P022,Coriander,8,83,67.23,2024-07-31,Rainy
2024-02-06 09:00:00,P020,Chips,8,121,11.5,2024-03-09,Sunny
2024-02-06 09:00:00,P019,Coke,6,95,60.99,2024-06-08,Rainy
2024-02-06 09:00:00,P035,Samosa,7,70,75.94,2024-04-06,Rainy
2024-02-07 00:00:00,P028,Watermelon,6,94,50.75,2024-02-15,Rainy
2024-02-07 00:00:00,P001,Milk,6,129,100.71,2024-02-12,Cloudy
2024-02-07 00:00:00,P026,Butter,10,122,96.42,2024-02-19,Rainy
2024-02-07 00:00:00,P044,Carrot,0,138,29.77,2024-02-08,Cloudy
2024-02-07 00:00:00,P012,Paneer,5,144,114.5,2024-02-20,Hot
2024-02-07 00:00:00,P011,Yogurt,7,54,133.25,2024-02-13,Rainy
2024-02-07 00:00:00,P016,Sugar,8,92,113.83,2024-05-16,Cloudy
2024-02-07 00:00:00,P004,Rice,4,81,49.41,2024-04-03,Sunny
2024-02-07 00:00:00,P042,Spinach,6,82,49.75,2024-02-17,Cloudy
2024-02-07 06:00:00,P030,Ice Cream,5,50,15.92,2024-06-18,Sunny
2024-02-07 09:00:00,P045,Cucumber,4,118,17.37,2024-02-16,Sunny
2024-02-07 09:00:00,P014,Fish,5,93,192.0,2024-02-21,Hot
2024-02-07 09:00:00,P040,Pickle,6,82,31.21,2024-05-01,Sunny
2024-02-07 09:00:00,P036,Chutney,4,106,94.98,2024-06-18,Hot
2024-02-08 00:00:00,P045,Cucumber,8,74,42.76,2024-02-22,Cloudy
2024-02-08 00:00:00,P034,Vada,9,132,296.63,2024-02-13,Cloudy
2024-02-08 03:00:00,P021,Masala,7,76,46.25,2024-04-09,Rainy
2024-02-08 03:00:00,P020,Chips,3,102,36.53,2024-07-11,Rainy
2024-02-08 03:00:00,P048,Dates,4,172,31.76,2024-02-20,Cloudy
2024-02-08 03:00:00,P043,Cabbage,2,99,8.47,2024-02-13,Sunny
2024-02-08 03:00:00,P029,Mango,5,154,33.71,2024-02-14,Sunny
2024-02-08 03:00:00,P010,Apples,4,117,42.34,2024-02-13,Cloudy
2024-02-08 03:00:00,P020,Chips,7,103,49.74,2024-04-21,Cloudy
2024-02-08 06:00:00,P001,Milk,1,117,76.68,2024-02-20,Rainy
2024-02-08 06:00:00,P030,Ice Cream,8,98,40.23,2024-08-04,Rainy
2024-02-08 06:00:00,P033,Pav,6,115,76.51,2024-02-12,Cloudy
2024-02-08 06:00:00,P042,Spinach,3,132,10.09,2024-02-17,Sunny
2024-02-08 06:00:00,P047,Rasgulla,3,166,73.51,2024-04-22,Cloudy
2024-02-08 06:00:00,P016,Sugar,5,109,80.07,2024-06-29,Sunny
2024-02-08 09:00:00,P016,Sugar,5,59,45.81,2024-06-27,Cloudy
2024-02-08 09:00:00,P017,Tea,4,63,60.01,2024-07-12,Hot
2024-02-08 09:00:00,P027,Cream,5,76,38.81,2024-02-17,Sunny
2024-02-08 09:00:00,P032,Bread Roll,6,129,25.1,2024-02-12,Cloudy
2024-02-09 00:00:00,P041,Peas,1,130,20.89,2024-02-16,Cloudy
2024-02-09 00:00:00,P031,Green Tea,2,41,97.71,2024-05-23,Cloudy
2024-02-09 00:00:00,P015,Oil,2,60,42.28,2024-07-18,Rainy
2024-02-09 00:00:00,P007,Tomatoes,4,101,11.52,2024-02-14,Hot
2024-02-09 03:00:00,P025,Kurkure,2,100,73.81,2024-05-14,Rainy
2024-02-09 03:00:00,P004,Rice,2,120,59.37,2024-03-26,Hot
2024-02-09 03:00:00,P014,Fish,2,94,162.61,2024-02-18,Sunny
2024-02-09 06:00:00,P011,Yogurt,6,86,87.79,2024-02-11,Rainy
2024-02-09 06:00:00,P029,Mango,1,51,8.02,2024-02-16,Hot
2024-02-09 06:00:00,P009,Bananas,10,96,10.01,2024-02-23,Rainy
2024-02-09 06:00:00,P009,Bananas,10,43,19.01,2024-02-22,Cloudy
2024-02-09 09:00:00,P014,Fish,4,114,481.84,2024-02-19,Sunny
2024-02-09 09:00:00,P004,Rice,6,94,77.67,2024-08-04,Hot
2024-02-09 09:00:00,P033,Pav,8,84,30.92,2024-02-11,Hot
2024-02-09 09:00:00,P013,Chicken,3,83,253.85,2024-02-17,Sunny
2024-02-09 09:00:00,P045,Cucumber,7,93,41.57,2024-02-18,Hot
2024-02-10 00:00:00,P013,Chicken,3,126,194.21,2024-02-12,Sunny
2024-02-10 00:00:00,P011,Yogurt,8,98,36.92,2024-02-12,Cloudy
2024-02-10 00:00:00,P045,Cucumber,6,72,40.31,2024-02-11,Sunny
2024-02-10 03:00:00,P024,Jeera,6,92,77.93,2024-03-15,Hot
2024-02-10 03:00:00,P050,Farsan,7,105,76.42,2024-04-17,Cloudy
2024-02-10 03:00:00,P041,Peas,7,69,43.33,2024-02-16,Hot
2024-02-10 03:00:00,P021,Masala,3,78,26.92,2024-07-05,Sunny
2024-02-10 03:00:00,P042,Spinach,2,75,34.31,2024-02-21,Sunny
2024-02-10 06:00:00,P033,Pav,8,111,38.81,2024-02-19,Hot
2024-02-10 06:00:00,P039,Soda,4,64,48.66,2024-03-30,Sunny
2024-02-10 06:00:00,P022,Coriander,5,76,67.59,2024-08-02,Hot
2024-02-10 06:00:00,P018,Biscuits,4,56,10.91,2024-04-20,Sunny
2024-02-10 06:00:00,P028,Watermelon,6,89,28.15,2024-02-22,Hot
2024-02-10 06:00:00,P031,Green Tea,2,126,16.69,2024-05-01,Sunny
2024-02-10 09:00:00,P015,Oil,5,109,65.96,2024-03-21,Rainy
2024-02-10 09:00:00,P017,Tea,2,93,64.29,2024-04-24,Rainy
2024-02-10 09:00:00,P033,Pav,3,130,61.74,2024-02-20,Cloudy
2024-02-10 09:00:00,P033,Pav,4,89,49.69,2024-02-15,Rainy
2024-02-11 00:00:00,P050,Farsan,5,90,44.9,2024-04-01,Cloudy
2024-02-11 00:00:00,P022,Coriander,6,163,76.28,2024-05-07,Rainy
2024-02-11 00:00:00,P020,Chips,8,67,10.49,2024-07-01,Cloudy
2024-02-11 00:00:00,P008,Potatoes,6,120,27.79,2024-02-16,Cloudy
2024-02-11 00:00:00,P042,Spinach,4,86,38.74,2024-02-20,Cloudy
2024-02-11 03:00:00,P027,Cream,6,79,48.82,2024-02-20,Rainy
2024-02-11 03:00:00,P045,Cucumber,5,126,16.62,2024-02-21,Rainy
2024-02-11 03:00:00,P050,Farsan,6,110,44.3,2024-06-19,Rainy
2024-02-11 03:00:00,P008,Potatoes,3,128,12.31,2024-02-16,Cloudy
2024-02-11 03:00:00,P019,Coke,5,142,47.05,2024-05-05,Sunny
2024-02-11 03:00:00,P031,Green Tea,5,66,24.34,2024-05-11,Rainy
2024-02-11 03:00:00,P021,Masala,4,72,88.37,2024-06-07,Rainy
2024-02-11 03:00:00,P044,Carrot,4,118,10.71,2024-02-13,Hot
2024-02-11 03:00:00,P031,Green Tea,3,182,97.32,2024-05-14,Cloudy
2024-02-11 06:00:00,P003,Eggs,10,120,103.49,2024-02-19,Rainy
2024-02-11 06:00:00,P030,Ice Cream,6,51,56.36,2024-07-17,Cloudy
2024-02-11 06:00:00,P031,Green Tea,3,71,40.87,2024-05-31,Sunny
2024-02-11 06:00:00,P003,Eggs,8,142,128.39,2024-02-25,Sunny
2024-02-11 06:00:00,P030,Ice Cream,5,57,52.19,2024-04-21,Rainy
2024-02-11 09:00:00,P019,Coke,3,49,45.89,2024-03-31,Cloudy
2024-02-11 09:00:00,P018,Biscuits,6,133,32.2,2024-07-07,Rainy
2024-02-11 09:00:00,P038,Lassi,7,120,95.12,2024-03-22,Hot
2024-02-12 00:00:00,P017,Tea,5,154,28.82,2024-04-11,Sunny
2024-02-12 00:00:00,P003,Eggs,1,55,126.53,2024-02-21,Cloudy
2024-02-12 00:00:00,P010,Apples,6,86,48.26,2024-02-20,Sunny
2024-02-12 03:00:00,P008,Potatoes,6,84,26.06,2024-02-26,Sunny
2024-02-12 06:00:00,P040,Pickle,6,79,61.1,2024-07-05,Cloudy
2024-02-12 06:00:00,P014,Fish,13,135,439.93,2024-02-19,Hot
2024-02-12 06:00:00,P035,Samosa,7,31,76.88,2024-06-12,Sunny
2024-02-12 06:00:00,P011,Yogurt,2,108,107.15,2024-02-24,Sunny
2024-02-12 06:00:00,P025,Kurkure,5,129,44.79,2024-06-30,Rainy
2024-02-12 06:00:00,P032,Bread Roll,6,123,46.37,2024-02-20,Sunny
2024-02-12 09:00:00,P023,Turmeric,5,108,50.98,2024-04-17,Cloudy
2024-02-12 09:00:00,P001,Milk,5,149,119.78,2024-02-13,Sunny
2024-02-12 09:00:00,P047,Rasgulla,6,58,57.35,2024-07-07,Cloudy
2024-02-12 09:00:00,P033,Pav,5,148,76.68,2024-02-25,Sunny
2024-02-12 09:00:00,P036,Chutney,5,93,78.13,2024-06-29,Rainy
2024-02-12 09:00:00,P005,Dal,5,92,76.14,2024-04-06,Hot
2024-02-12 09:00:00,P050,Farsan,2,107,59.12,2024-06-25,Cloudy
2024-02-13 00:00:00,P040,Pickle,4,177,43.56,2024-05-01,Hot
2024-02-13 00:00:00,P039,Soda,5,136,76.06,2024-07-25,Rainy
2024-02-13 00:00:00,P028,Watermelon,6,98,7.69,2024-02-18,Cloudy
2024-02-13 00:00:00,P020,Chips,7,137,25.59,2024-05-05,Sunny
2024-02-13 03:00:00,P005,Dal,7,147,56.22,2024-04-26,Sunny
2024-02-13 06:00:00,P013,Chicken,4,72,395.9,2024-02-19,Hot
2024-02-13 06:00:00,P025,Kurkure,2,99,65.04,2024-08-03,Cloudy
2024-02-13 06:00:00,P009,Bananas,8,154,54.69,2024-02-25,Cloudy
2024-02-13 06:00:00,P026,Butter,3,104,81.93,2024-02-24,Rainy
2024-02-13 06:00:00,P043,Cabbage,3,123,11.78,2024-02-24,Sunny
2024-02-13 09:00:00,P039,Soda,4,45,60.44,2024-06-14,Rainy
2024-02-13 09:00:00,P030,Ice Cream,4,109,74.32,2024-04-04,Sunny
2024-02-13 09:00:00,P015,Oil,6,81,85.47,2024-05-06,Sunny
2024-02-14 00:00:00,P015,Oil,6,70,108.92,2024-04-13,Cloudy
2024-02-14 00:00:00,P037,Gulab Jamun,8,87,11.05,2024-05-15,Rainy
2024-02-14 00:00:00,P022,Coriander,1,134,23.56,2024-04-09,Hot
2024-02-14 00:00:00,P017,Tea,5,76,96.69,2024-03-21,Sunny
2024-02-14 03:00:00,P012,Paneer,6,130,135.06,2024-02-15,Sunny
2024-02-14 06:00:00,P033,Pav,6,111,64.49,2024-02-17,Hot
2024-02-14 06:00:00,P027,Cream,7,90,117.03,2024-02-17,Cloudy
2024-02-14 06:00:00,P018,Biscuits,4,67,58.33,2024-07-15,Rainy
2024-02-14 06:00:00,P035,Samosa,6,131,72.1,2024-07-21,Hot
2024-02-14 06:00:00,P004,Rice,4,82,111.26,2024-05-06,Cloudy
2024-02-14 06:00:00,P030,Ice Cream,5,131,48.32,2024-04-09,Sunny
2024-02-14 06:00:00,P015,Oil,6,137,118.94,2024-05-25,Cloudy
2024-02-14 09:00:00,P005,Dal,4,70,90.36,2024-03-26,Cloudy
2024-02-14 09:00:00,P010,Apples,6,85,42.02,2024-02-22,Cloudy
2024-02-14 09:00:00,P027,Cream,3,115,92.45,2024-02-19,Rainy
2024-02-14 09:00:00,P003,Eggs,2,98,59.97,2024-02-23,Cloudy
2024-02-14 09:00:00,P002,Bread,9,108,76.19,2024-02-25,Cloudy
2024-02-15 00:00:00,P023,Turmeric,4,97,70.53,2024-07-06,Sunny
2024-02-15 00:00:00,P042,Spinach,2,79,43.2,2024-02-17,Sunny
2024-02-15 00:00:00,P009,Bananas,2,128,14.53,2024-02-25,Sunny
2024-02-15 00:00:00,P005,Dal,6,85,112.02,2024-07-18,Hot
2024-02-15 00:00:00,P027,Cream,10,76,149.51,2024-02-17,Sunny
2024-02-15 00:00:00,P015,Oil,4,92,64.82,2024-04-01,Sunny
2024-02-15 03:00:00,P024,Jeera,7,52,28.19,2024-08-06,Rainy
2024-02-15 03:00:00,P011,Yogurt,4,153,91.66,2024-02-26,Cloudy
2024-02-15 03:00:00,P032,Bread Roll,6,81,38.93,2024-02-28,Cloudy
2024-02-15 03:00:00,P017,Tea,4,92,23.14,2024-08-12,Sunny
2024-02-15 06:00:00,P045,Cucumber,5,136,13.02,2024-02-18,Rainy
2024-02-15 06:00:00,P021,Masala,4,57,68.17,2024-03-20,Rainy
2024-02-15 06:00:00,P043,Cabbage,8,51,9.14,2024-02-17,Sunny
2024-02-15 06:00:00,P023,Turmeric,3,96,38.99,2024-05-31,Hot
2024-02-15 06:00:00,P048,Dates,6,103,30.12,2024-02-24,Sunny
2024-02-15 06:00:00,P033,Pav,5,111,46.45,2024-02-28,Cloudy
2024-02-15 09:00:00,P038,Lassi,3,103,64.03,2024-06-30,Rainy
2024-02-15 09:00:00,P031,Green Tea,5,89,97.03,2024-05-29,Hot
2024-02-16 00:00:00,P043,Cabbage,1,106,48.58,2024-02-19,Cloudy
2024-02-16 00:00:00,P030,Ice Cream,5,87,75.12,2024-03-30,Sunny
2024-02-16 03:00:00,P026,Butter,8,162,104.91,2024-03-01,Sunny
2024-02-16 03:00:00,P035,Samosa,5,93,54.78,2024-04-10,Sunny
2024-02-16 03:00:00,P038,Lassi,7,86,57.95,2024-07-17,Sunny
2024-02-16 06:00:00,P025,Kurkure,6,67,56.73,2024-06-16,Hot
2024-02-16 06:00:00,P042,Spinach,6,59,22.57,2024-02-27,Cloudy
2024-02-16 06:00:00,P003,Eggs,3,72,57.93,2024-02-21,Hot
2024-02-16 06:00:00,P030,Ice Cream,4,123,29.3,2024-03-21,Rainy
2024-02-16 06:00:00,P032,Bread Roll,6,98,68.83,2024-03-01,Rainy
2024-02-16 06:00:00,P017,Tea,4,139,31.48,2024-07-26,Rainy
2024-02-16 06:00:00,P047,Rasgulla,5,125,24.63,2024-07-26,Rainy
2024-02-16 06:00:00,P038,Lassi,2,94,54.6,2024-07-11,Cloudy
2024-02-16 06:00:00,P013,Chicken,5,125,194.95,2024-02-22,Sunny
2024-02-16 06:00:00,P032,Bread Roll,7,135,18.6,2024-02-23,Sunny
2024-02-16 09:00:00,P009,Bananas,3,53,54.58,2024-02-26,Hot
2024-02-16 09:00:00,P049,Chikki,1,132,13.33,2024-07-02,Rainy
2024-02-16 09:00:00,P029,Mango,7,97,41.19,2024-02-17,Sunny
2024-02-16 09:00:00,P019,Coke,5,135,86.42,2024-07-18,Cloudy
2024-02-17 00:00:00,P005,Dal,5,112,44.8,2024-04-05,Rainy
2024-02-17 00:00:00,P018,Biscuits,6,134,72.48,2024-05-07,Sunny
2024-02-17 00:00:00,P027,Cream,6,125,81.22,2024-02-18,Rainy
2024-02-17 00:00:00,P032,Bread Roll,5,75,62.11,2024-02-27,Cloudy
2024-02-17 03:00:00,P021,Masala,5,105,47.4,2024-06-22,Hot
2024-02-17 03:00:00,P018,Biscuits,6,115,36.02,2024-07-02,Cloudy
2024-02-17 03:00:00,P042,Spinach,5,97,29.93,2024-02-18,Cloudy
2024-02-17 03:00:00,P008,Potatoes,4,126,46.31,2024-02-19,Cloudy
2024-02-17 03:00:00,P021,Masala,6,84,86.21,2024-05-20,Rainy
2024-02-17 03:00:00,P031,Green Tea,10,116,77.91,2024-07-06,Hot
2024-02-17 06:00:00,P029,Mango,6,102,32.15,2024-02-29,Rainy
2024-02-17 06:00:00,P033,Pav,9,64,29.71,2024-02-20,Hot
2024-02-17 06:00:00,P049,Chikki,0,100,69.97,2024-08-03,Sunny
2024-02-17 06:00:00,P008,Potatoes,4,130,56.02,2024-02-20,Sunny
2024-02-17 06:00:00,P011,Yogurt,5,101,130.16,2024-02-27,Cloudy
2024-02-17 09:00:00,P016,Sugar,6,158,48.34,2024-04-16,Sunny
2024-02-17 09:00:00,P047,Rasgulla,9,89,20.92,2024-06-05,Hot
2024-02-17 09:00:00,P001,Milk,3,104,95.92,2024-02-25,Rainy
2024-02-17 09:00:00,P044,Carrot,6,70,47.54,2024-02-28,Cloudy
2024-02-17 09:00:00,P016,Sugar,2,110,71.6,2024-08-13,Hot
2024-02-17 09:00:00,P009,Bananas,5,88,8.0,2024-03-01,Sunny
2024-02-17 09:00:00,P035,Samosa,7,95,72.98,2024-07-31,Cloudy
2024-02-17 09:00:00,P004,Rice,3,180,76.19,2024-07-27,Sunny
2024-02-17 09:00:00,P018,Biscuits,3,85,27.6,2024-05-26,Cloudy
2024-02-18 00:00:00,P039,Soda,8,91,55.31,2024-06-24,Sunny
2024-02-18 00:00:00,P039,Soda,3,113,20.71,2024-08-12,Hot
2024-02-18 00:00:00,P013,Chicken,3,42,159.69,2024-02-21,Sunny
2024-02-18 03:00:00,P026,Butter,11,78,88.48,2024-03-03,Hot
2024-02-18 03:00:00,P032,Bread Roll,4,64,25.92,2024-03-02,Sunny
2024-02-18 03:00:00,P004,Rice,7,128,57.87,2024-06-10,Cloudy
2024-02-18 03:00:00,P042,Spinach,6,100,21.25,2024-02-29,Rainy
2024-02-18 03:00:00,P018,Biscuits,5,70,12.19,2024-04-01,Sunny
2024-02-18 06:00:00,P022,Coriander,5,126,60.68,2024-04-03,Cloudy
2024-02-18 06:00:00,P020,Chips,5,146,10.34,2024-04-13,Rainy
2024-02-18 06:00:00,P017,Tea,6,89,30.94,2024-06-17,Cloudy
2024-02-18 06:00:00,P016,Sugar,5,124,107.94,2024-06-09,Hot
2024-02-18 06:00:00,P012,Paneer,4,69,49.95,2024-02-22,Cloudy
2024-02-18 06:00:00,P002,Bread,3,87,46.62,2024-02-19,Rainy
2024-02-18 09:00:00,P002,Bread,7,139,18.96,2024-02-26,Sunny
2024-02-19 00:00:00,P001,Milk,2,96,75.1,2024-03-04,Hot
2024-02-19 00:00:00,P034,Vada,3,156,318.01,2024-02-23,Cloudy
2024-02-19 03:00:00,P010,Apples,6,104,53.09,2024-02-21,Hot
2024-02-19 03:00:00,P016,Sugar,3,69,71.71,2024-07-27,Cloudy
2024-02-19 03:00:00,P021,Masala,6,90,90.82,2024-04-19,Hot
2024-02-19 03:00:00,P043,Cabbage,2,94,7.97,2024-02-20,Hot
2024-02-19 03:00:00,P014,Fish,10,165,243.53,2024-02-20,Rainy
2024-02-19 03:00:00,P031,Green Tea,7,97,56.84,2024-08-15,Sunny
2024-02-19 03:00:00,P010,Apples,0,101,23.58,2024-02-24,Rainy
2024-02-19 03:00:00,P039,Soda,5,130,40.0,2024-04-24,Rainy
2024-02-19 06:00:00,P045,Cucumber,6,79,39.23,2024-02-20,Hot
2024-02-19 06:00:00,P023,Turmeric,4,107,27.5,2024-03-30,Cloudy
2024-02-19 09:00:00,P021,Masala,5,73,85.24,2024-07-24,Hot
2024-02-19 09:00:00,P036,Chutney,5,113,75.6,2024-07-18,Hot
2024-02-20 00:00:00,P040,Pickle,4,74,29.06,2024-04-13,Sunny
2024-02-20 00:00:00,P048,Dates,4,28,52.49,2024-02-24,Rainy
2024-02-20 00:00:00,P014,Fish,9,88,426.87,2024-02-21,Sunny
2024-02-20 03:00:00,P049,Chikki,5,113,73.46,2024-05-01,Hot
2024-02-20 03:00:00,P041,Peas,4,93,39.48,2024-03-03,Rainy
2024-02-20 03:00:00,P027,Cream,6,107,38.16,2024-02-25,Cloudy
2024-02-20 03:00:00,P030,Ice Cream,5,98,20.66,2024-06-21,Hot
2024-02-20 03:00:00,P031,Green Tea,3,127,84.88,2024-04-04,Sunny
2024-02-20 03:00:00,P036,Chutney,4,67,46.24,2024-05-29,Rainy
2024-02-20 03:00:00,P028,Watermelon,8,127,42.63,2024-03-04,Cloudy
2024-02-20 06:00:00,P006,Onions,5,94,11.76,2024-02-26,Cloudy
2024-02-20 06:00:00,P040,Pickle,1,96,59.04,2024-08-12,Sunny
2024-02-20 06:00:00,P023,Turmeric,9,96,83.56,2024-07-07,Rainy
2024-02-20 06:00:00,P018,Biscuits,5,82,70.06,2024-06-26,Hot
2024-02-20 06:00:00,P024,Jeera,1,63,79.3,2024-03-24,Rainy
2024-02-20 09:00:00,P033,Pav,5,83,17.63,2024-03-05,Sunny
2024-02-20 09:00:00,P040,Pickle,2,99,34.44,2024-04-24,Sunny
2024-02-20 09:00:00,P011,Yogurt,4,67,96.03,2024-03-02,Hot
2024-02-20 09:00:00,P010,Apples,3,116,26.15,2024-03-02,Rainy
2024-02-21 00:00:00,P005,Dal,3,109,61.63,2024-06-26,Cloudy
2024-02-21 00:00:00,P034,Vada,5,170,356.69,2024-03-04,Hot
2024-02-21 00:00:00,P027,Cream,2,99,124.33,2024-02-22,Hot
2024-02-21 00:00:00,P012,Paneer,6,86,119.79,2024-02-26,Sunny
2024-02-21 00:00:00,P017,Tea,4,59,45.82,2024-05-24,Cloudy
2024-02-21 00:00:00,P013,Chicken,6,100,385.48,2024-03-01,Rainy
2024-02-21 03:00:00,P030,Ice Cream,5,149,43.9,2024-04-23,Hot
2024-02-21 03:00:00,P018,Biscuits,5,104,64.32,2024-04-05,Cloudy
2024-02-21 03:00:00,P032,Bread Roll,9,128,19.02,2024-03-03,Sunny
2024-02-21 06:00:00,P026,Butter,10,115,79.75,2024-02-27,Rainy
2024-02-21 06:00:00,P011,Yogurt,1,120,38.24,2024-02-29,Hot
2024-02-21 06:00:00,P049,Chikki,2,30,69.9,2024-05-30,Rainy
2024-02-21 06:00:00,P007,Tomatoes,5,99,25.2,2024-02-28,Hot
2024-02-21 06:00:00,P003,Eggs,9,78,111.18,2024-02-27,Sunny
2024-02-21 06:00:00,P027,Cream,6,81,77.83,2024-02-25,Sunny
2024-02-21 09:00:00,P048,Dates,2,91,21.01,2024-02-22,Hot
2024-02-21 09:00:00,P029,Mango,4,101,27.09,2024-02-25,Hot
2024-02-21 09:00:00,P010,Apples,7,79,38.81,2024-03-04,Hot
2024-02-21 09:00:00,P033,Pav,5,83,27.69,2024-03-01,Cloudy
2024-02-21 09:00:00,P009,Bananas,4,119,10.53,2024-03-06,Rainy
2024-02-21 09:00:00,P032,Bread Roll,3,99,10.61,2024-03-03,Hot
2024-02-21 09:00:00,P003,Eggs,2,76,42.2,2024-03-05,Rainy
2024-02-22 00:00:00,P030,Ice Cream,9,130,26.29,2024-06-04,Sunny
2024-02-22 00:00:00,P038,Lassi,3,113,30.59,2024-07-18,Rainy
2024-02-22 00:00:00,P015,Oil,3,146,105.06,2024-07-16,Rainy
2024-02-22 00:00:00,P009,Bananas,8,88,35.08,2024-02-29,Sunny
2024-02-22 03:00:00,P036,Chutney,7,132,53.47,2024-04-02,Rainy
2024-02-22 03:00:00,P032,Bread Roll,9,56,68.67,2024-02-26,Sunny
2024-02-22 03:00:00,P019,Coke,3,93,59.23,2024-07-20,Hot
2024-02-22 03:00:00,P004,Rice,5,66,72.27,2024-05-08,Cloudy
2024-02-22 03:00:00,P026,Butter,5,50,42.3,2024-03-03,Rainy
2024-02-22 03:00:00,P020,Chips,2,120,46.53,2024-03-26,Hot
2024-02-22 03:00:00,P035,Samosa,3,137,73.37,2024-05-17,Rainy
2024-02-22 06:00:00,P040,Pickle,5,143,88.94,2024-06-26,Sunny
2024-02-22 06:00:00,P007,Tomatoes,3,128,43.6,2024-02-25,Cloudy
2024-02-22 09:00:00,P017,Tea,5,76,75.58,2024-08-13,Rainy
2024-02-22 09:00:00,P037,Gulab Jamun,6,95,30.91,2024-07-05,Hot
2024-02-23 00:00:00,P031,Green Tea,5,81,30.88,2024-08-09,Sunny
2024-02-23 00:00:00,P044,Carrot,3,96,10.0,2024-02-29,Rainy
2024-02-23 00:00:00,P041,Peas,7,90,30.15,2024-02-29,Cloudy
2024-02-23 00:00:00,P034,Vada,2,111,146.71,2024-03-04,Sunny
2024-02-23 00:00:00,P050,Farsan,6,93,17.64,2024-07-16,Hot
2024-02-23 03:00:00,P008,Potatoes,6,69,52.88,2024-02-29,Cloudy
2024-02-23 03:00:00,P022,Coriander,4,108,49.1,2024-08-09,Hot
2024-02-23 03:00:00,P023,Turmeric,9,117,51.86,2024-07-29,Cloudy
2024-02-23 03:00:00,P037,Gulab Jamun,5,139,17.95,2024-07-20,Cloudy
2024-02-23 03:00:00,P006,Onions,6,103,46.45,2024-03-03,Hot
2024-02-23 06:00:00,P042,Spinach,11,159,31.46,2024-02-28,Cloudy
2024-02-23 06:00:00,P027,Cream,3,94,68.8,2024-03-07,Rainy
2024-02-23 06:00:00,P025,Kurkure,4,53,69.77,2024-06-02,Hot
2024-02-23 09:00:00,P014,Fish,7,117,326.4,2024-03-07,Sunny
2024-02-23 09:00:00,P022,Coriander,6,86,57.11,2024-03-25,Hot
2024-02-23 09:00:00,P026,Butter,5,155,113.39,2024-02-28,Rainy
2024-02-23 09:00:00,P014,Fish,4,81,275.74,2024-03-03,Cloudy
2024-02-23 09:00:00,P008,Potatoes,5,135,29.77,2024-03-08,Cloudy
2024-02-23 09:00:00,P041,Peas,6,100,56.46,2024-03-07,Rainy
2024-02-23 09:00:00,P032,Bread Roll,7,108,74.35,2024-03-08,Cloudy
2024-02-24 00:00:00,P044,Carrot,5,139,12.37,2024-03-01,Sunny
2024-02-24 00:00:00,P048,Dates,8,57,8.2,2024-02-26,Hot
2024-02-24 00:00:00,P025,Kurkure,3,109,44.67,2024-06-17,Cloudy
2024-02-24 00:00:00,P034,Vada,7,146,385.08,2024-02-25,Hot
2024-02-24 00:00:00,P042,Spinach,8,121,14.46,2024-02-27,Cloudy
2024-02-24 00:00:00,P006,Onions,4,139,36.65,2024-03-09,Hot
2024-02-24 06:00:00,P013,Chicken,8,130,466.75,2024-02-28,Hot
2024-02-24 06:00:00,P026,Butter,5,113,139.74,2024-02-28,Sunny
2024-02-24 09:00:00,P009,Bananas,0,90,17.65,2024-03-04,Sunny
2024-02-24 09:00:00,P050,Farsan,7,79,65.06,2024-05-06,Rainy
2024-02-24 09:00:00,P002,Bread,1,68,28.8,2024-03-07,Rainy
2024-02-24 09:00:00,P036,Chutney,2,94,92.3,2024-06-27,Sunny
2024-02-25 00:00:00,P019,Coke,9,134,44.02,2024-05-28,Rainy
2024-02-25 00:00:00,P020,Chips,5,96,46.78,2024-05-29,Hot
2024-02-25 00:00:00,P041,Peas,8,126,33.74,2024-02-26,Sunny
2024-02-25 00:00:00,P022,Coriander,4,117,26.98,2024-05-16,Hot
2024-02-25 03:00:00,P010,Apples,2,157,24.14,2024-03-01,Rainy
2024-02-25 03:00:00,P044,Carrot,2,130,50.62,2024-03-01,Cloudy
2024-02-25 06:00:00,P026,Butter,6,92,62.1,2024-03-02,Rainy
2024-02-25 06:00:00,P044,Carrot,8,92,45.26,2024-03-02,Sunny
2024-02-25 06:00:00,P002,Bread,2,111,34.02,2024-03-10,Sunny
2024-02-25 06:00:00,P050,Farsan,2,113,36.39,2024-08-13,Sunny
2024-02-25 06:00:00,P004,Rice,4,142,41.48,2024-06-25,Cloudy
2024-02-25 09:00:00,P026,Butter,3,145,35.82,2024-03-01,Hot
2024-02-25 09:00:00,P042,Spinach,6,75,18.16,2024-03-06,Cloudy
2024-02-25 09:00:00,P044,Carrot,5,128,36.17,2024-03-06,Rainy
2024-02-25 09:00:00,P005,Dal,7,102,52.93,2024-08-01,Rainy
2024-02-25 09:00:00,P033,Pav,10,73,51.57,2024-03-08,Hot
2024-02-25 09:00:00,P036,Chutney,4,146,39.62,2024-03-30,Hot
2024-02-26 00:00:00,P049,Chikki,5,114,32.51,2024-06-04,Rainy
2024-02-26 00:00:00,P033,Pav,8,98,34.08,2024-03-01,Hot
2024-02-26 00:00:00,P047,Rasgulla,9,66,65.4,2024-05-15,Rainy
2024-02-26 00:00:00,P031,Green Tea,9,97,92.54,2024-06-06,Sunny
2024-02-26 00:00:00,P017,Tea,2,98,94.81,2024-04-16,Sunny
2024-02-26 00:00:00,P042,Spinach,5,121,23.99,2024-02-27,Hot
2024-02-26 03:00:00,P033,Pav,4,105,13.84,2024-03-08,Sunny
2024-02-26 03:00:00,P025,Kurkure,4,126,14.71,2024-04-21,Rainy
2024-02-26 03:00:00,P010,Apples,3,94,36.4,2024-02-29,Cloudy
2024-02-26 03:00:00,P012,Paneer,10,63,92.8,2024-03-10,Rainy
2024-02-26 03:00:00,P013,Chicken,5,167,296.25,2024-03-10,Cloudy
2024-02-26 03:00:00,P031,Green Tea,4,49,31.23,2024-08-14,Hot
2024-02-26 03:00:00,P041,Peas,3,51,48.31,2024-02-27,Sunny
2024-02-26 03:00:00,P042,Spinach,4,179,55.91,2024-03-04,Rainy
2024-02-26 03:00:00,P016,Sugar,3,105,114.67,2024-04-12,Sunny
2024-02-26 06:00:00,P040,Pickle,7,109,52.57,2024-07-05,Sunny
2024-02-26 06:00:00,P032,Bread Roll,0,90,72.42,2024-03-09,Hot
2024-02-26 06:00:00,P004,Rice,6,61,62.42,2024-06-28,Rainy
2024-02-26 06:00:00,P018,Biscuits,1,127,76.12,2024-08-12,Sunny
2024-02-26 06:00:00,P015,Oil,7,115,53.47,2024-05-03,Sunny
2024-02-26 06:00:00,P005,Dal,4,78,61.22,2024-04-02,Cloudy
2024-02-26 09:00:00,P007,Tomatoes,2,83,45.45,2024-03-08,Cloudy
2024-02-26 09:00:00,P033,Pav,1,117,79.06,2024-03-06,Hot
2024-02-26 09:00:00,P033,Pav,7,78,75.31,2024-03-01,Hot
2024-02-26 09:00:00,P007,Tomatoes,2,128,27.46,2024-03-03,Sunny
2024-02-26 09:00:00,P006,Onions,4,43,51.79,2024-02-27,Rainy
2024-02-26 09:00:00,P009,Bananas,2,100,25.13,2024-03-09,Rainy
2024-02-27 00:00:00,P016,Sugar,5,141,88.87,2024-07-09,Sunny
2024-02-27 00:00:00,P007,Tomatoes,4,92,42.28,2024-03-10,Cloudy
2024-02-27 00:00:00,P040,Pickle,3,87,47.85,2024-03-29,Sunny
2024-02-27 00:00:00,P021,Masala,2,93,26.79,2024-06-28,Rainy
2024-02-27 00:00:00,P045,Cucumber,3,72,25.18,2024-03-04,Cloudy
2024-02-27 00:00:00,P001,Milk,3,114,68.21,2024-03-01,Sunny
2024-02-27 03:00:00,P039,Soda,5,93,63.55,2024-04-23,Cloudy
2024-02-27 03:00:00,P024,Jeera,4,87,80.73,2024-04-23,Sunny
2024-02-27 03:00:00,P025,Kurkure,5,95,74.57,2024-07-26,Hot
2024-02-27 06:00:00,P036,Chutney,7,100,93.16,2024-06-25,Cloudy
2024-02-27 06:00:00,P043,Cabbage,10,134,42.99,2024-02-29,Cloudy
2024-02-27 06:00:00,P033,Pav,8,116,14.56,2024-03-07,Rainy
2024-02-27 06:00:00,P003,Eggs,9,124,84.6,2024-03-10,Cloudy
2024-02-27 09:00:00,P023,Turmeric,6,127,29.93,2024-07-18,Cloudy
2024-02-27 09:00:00,P041,Peas,8,82,17.27,2024-03-04,Sunny
2024-02-27 09:00:00,P025,Kurkure,4,97,16.46,2024-04-12,Sunny
2024-02-27 09:00:00,P003,Eggs,3,102,142.78,2024-03-06,Hot
2024-02-28 00:00:00,P026,Butter,4,105,52.76,2024-03-05,Sunny
2024-02-28 00:00:00,P012,Paneer,2,115,86.97,2024-03-09,Cloudy
2024-02-28 00:00:00,P033,Pav,8,114,14.78,2024-03-01,Hot
2024-02-28 00:00:00,P003,Eggs,3,115,87.46,2024-03-05,Rainy
2024-02-28 03:00:00,P024,Jeera,4,128,32.52,2024-08-07,Sunny
2024-02-28 03:00:00,P002,Bread,6,125,78.09,2024-03-10,Cloudy
2024-02-28 03:00:00,P019,Coke,7,96,93.58,2024-04-12,Hot
2024-02-28 03:00:00,P021,Masala,5,62,41.11,2024-06-10,Hot
2024-02-28 03:00:00,P004,Rice,6,75,82.42,2024-04-23,Cloudy
2024-02-28 06:00:00,P041,Peas,2,80,58.56,2024-02-29,Sunny
2024-02-28 06:00:00,P032,Bread Roll,1,84,47.02,2024-03-05,Sunny
2024-02-28 06:00:00,P039,Soda,6,92,54.22,2024-04-12,Cloudy
2024-02-28 06:00:00,P012,Paneer,5,135,123.91,2024-03-12,Cloudy
2024-02-28 06:00:00,P003,Eggs,4,51,75.97,2024-03-07,Hot
2024-02-28 06:00:00,P016,Sugar,11,110,91.59,2024-04-07,Rainy
2024-02-28 06:00:00,P037,Gulab Jamun,4,122,46.75,2024-07-03,Hot
2024-02-28 06:00:00,P024,Jeera,4,125,34.12,2024-04-02,Cloudy
2024-02-28 06:00:00,P033,Pav,4,135,43.44,2024-03-03,Sunny
2024-02-28 09:00:00,P015,Oil,3,139,112.84,2024-07-11,Rainy
2024-02-28 09:00:00,P017,Tea,4,104,40.06,2024-04-07,Sunny
2024-02-28 09:00:00,P035,Samosa,2,48,21.24,2024-05-23,Rainy
2024-02-28 09:00:00,P031,Green Tea,7,46,94.94,2024-07-05,Sunny
2024-02-28 09:00:00,P031,Green Tea,8,78,84.29,2024-06-27,Sunny
2024-02-28 09:00:00,P015,Oil,8,141,75.46,2024-05-25,Cloudy
2024-02-29 00:00:00,P042,Spinach,4,84,13.84,2024-03-02,Hot
2024-02-29 00:00:00,P012,Paneer,1,105,39.22,2024-03-07,Hot
2024-02-29 00:00:00,P039,Soda,9,106,98.37,2024-05-10,Hot
2024-02-29 00:00:00,P031,Green Tea,5,121,28.14,2024-08-01,Cloudy
2024-02-29 00:00:00,P026,Butter,10,126,90.73,2024-03-14,Hot
2024-02-29 03:00:00,P038,Lassi,7,75,22.49,2024-05-22,Hot
2024-02-29 03:00:00,P022,Coriander,3,71,83.77,2024-07-02,Cloudy
2024-02-29 03:00:00,P044,Carrot,5,54,6.69,2024-03-11,Cloudy
2024-02-29 06:00:00,P029,Mango,9,58,36.37,2024-03-09,Hot
2024-02-29 06:00:00,P023,Turmeric,3,159,24.53,2024-08-18,Hot
2024-02-29 06:00:00,P029,Mango,7,79,24.0,2024-03-13,Hot
2024-02-29 06:00:00,P045,Cucumber,2,80,33.43,2024-03-05,Rainy
2024-02-29 09:00:00,P029,Mango,6,125,41.8,2024-03-04,Rainy
2024-02-29 09:00:00,P016,Sugar,2,88,47.26,2024-04-01,Hot
2024-02-29 09:00:00,P030,Ice Cream,2,86,33.11,2024-08-09,Sunny
2024-03-01 00:00:00,P020,Chips,5,78,69.36,2024-08-15,Cloudy
2024-03-01 00:00:00,P007,Tomatoes,6,143,54.68,2024-03-05,Cloudy
2024-03-01 03:00:00,P016,Sugar,5,56,61.21,2024-08-21,Sunny
2024-03-01 03:00:00,P002,Bread,8,42,47.08,2024-03-05,Hot
2024-03-01 03:00:00,P040,Pickle,4,99,74.4,2024-08-03,Sunny
2024-03-01 03:00:00,P011,Yogurt,3,67,67.18,2024-03-08,Cloudy
2024-03-01 03:00:00,P035,Samosa,4,69,39.93,2024-05-27,Cloudy
2024-03-01 03:00:00,P049,Chikki,2,157,61.25,2024-05-15,Cloudy
2024-03-01 03:00:00,P025,Kurkure,11,111,50.34,2024-04-18,Sunny
2024-03-01 06:00:00,P039,Soda,5,69,98.29,2024-05-23,Sunny
2024-03-01 06:00:00,P014,Fish,7,92,193.12,2024-03-05,Sunny
2024-03-01 06:00:00,P009,Bananas,6,116,27.95,2024-03-02,Cloudy
2024-03-01 06:00:00,P007,Tomatoes,5,100,11.3,2024-03-05,Hot
2024-03-01 09:00:00,P001,Milk,3,106,104.24,2024-03-03,Hot
2024-03-01 09:00:00,P032,Bread Roll,9,118,35.39,2024-03-09,Hot
2024-03-01 09:00:00,P040,Pickle,8,86,95.68,2024-08-08,Cloudy
2024-03-01 09:00:00,P044,Carrot,2,108,47.99,2024-03-12,Cloudy
2024-03-02 00:00:00,P006,Onions,4,79,28.99,2024-03-06,Hot
2024-03-02 00:00:00,P050,Farsan,4,129,47.57,2024-04-02,Hot
2024-03-02 00:00:00,P016,Sugar,3,124,103.9,2024-04-18,Hot
2024-03-02 00:00:00,P048,Dates,6,124,12.88,2024-03-07,Hot
2024-03-02 00:00:00,P023,Turmeric,5,146,54.75,2024-04-22,Cloudy
2024-03-02 00:00:00,P048,Dates,4,120,45.24,2024-03-10,Hot
2024-03-02 00:00:00,P050,Farsan,2,81,32.06,2024-06-14,Cloudy
2024-03-02 00:00:00,P015,Oil,2,145,60.56,2024-06-04,Hot
2024-03-02 03:00:00,P018,Biscuits,3,62,50.36,2024-06-01,Sunny
2024-03-02 03:00:00,P001,Milk,3,104,71.33,2024-03-10,Sunny
2024-03-02 03:00:00,P019,Coke,4,108,32.85,2024-06-06,Hot
2024-03-02 06:00:00,P005,Dal,6,71,109.38,2024-07-22,Hot
2024-03-02 06:00:00,P037,Gulab Jamun,4,140,55.28,2024-08-04,Sunny
2024-03-02 06:00:00,P004,Rice,10,92,113.47,2024-07-06,Sunny
2024-03-02 06:00:00,P017,Tea,4,104,40.65,2024-05-12,Cloudy
2024-03-02 06:00:00,P041,Peas,8,57,14.14,2024-03-12,Hot
2024-03-02 09:00:00,P015,Oil,2,72,40.64,2024-08-12,Cloudy
2024-03-02 09:00:00,P049,Chikki,5,97,75.92,2024-08-08,Hot
2024-03-03 00:00:00,P020,Chips,4,80,63.9,2024-07-15,Cloudy
2024-03-03 03:00:00,P031,Green Tea,4,143,31.4,2024-06-10,Cloudy
2024-03-03 03:00:00,P035,Samosa,2,97,53.61,2024-04-11,Sunny
2024-03-03 03:00:00,P007,Tomatoes,7,45,16.84,2024-03-11,Sunny
2024-03-03 03:00:00,P036,Chutney,5,74,63.55,2024-06-04,Hot
2024-03-03 03:00:00,P036,Chutney,4,90,95.97,2024-08-07,Cloudy
2024-03-03 06:00:00,P047,Rasgulla,5,62,19.37,2024-05-23,Hot
2024-03-03 06:00:00,P016,Sugar,2,125,102.99,2024-07-19,Cloudy
2024-03-03 06:00:00,P007,Tomatoes,6,77,22.39,2024-03-05,Hot
2024-03-03 06:00:00,P021,Masala,3,84,48.18,2024-06-06,Cloudy
2024-03-03 06:00:00,P006,Onions,4,103,22.72,2024-03-08,Hot
2024-03-04 00:00:00,P009,Bananas,2,77,25.32,2024-03-10,Sunny
2024-03-04 00:00:00,P048,Dates,4,107,12.25,2024-03-06,Sunny
2024-03-04 00:00:00,P041,Peas,8,77,28.25,2024-03-10,Sunny
2024-03-04 00:00:00,P006,Onions,7,84,5.66,2024-03-06,Cloudy
2024-03-04 00:00:00,P008,Potatoes,0,100,24.33,2024-03-11,Cloudy
2024-03-04 00:00:00,P045,Cucumber,5,93,25.79,2024-03-14,Sunny
2024-03-04 03:00:00,P049,Chikki,5,75,45.62,2024-05-05,Hot
2024-03-04 03:00:00,P028,Watermelon,5,136,10.65,2024-03-12,Hot
2024-03-04 03:00:00,P004,Rice,3,107,95.29,2024-05-23,Sunny
2024-03-04 03:00:00,P047,Rasgulla,6,121,40.55,2024-07-18,Cloudy
2024-03-04 03:00:00,P015,Oil,3,81,116.86,2024-08-06,Hot
2024-03-04 03:00:00,P024,Jeera,5,92,98.53,2024-04-13,Sunny
2024-03-04 03:00:00,P032,Bread Roll,6,91,52.44,2024-03-18,Hot
2024-03-04 03:00:00,P033,Pav,8,126,77.36,2024-03-15,Hot
2024-03-04 03:00:00,P047,Rasgulla,6,82,23.23,2024-06-30,Hot
2024-03-04 06:00:00,P047,Rasgulla,6,125,31.77,2024-04-16,Sunny
2024-03-04 06:00:00,P049,Chikki,5,109,70.8,2024-08-13,Hot
2024-03-04 06:00:00,P045,Cucumber,3,61,33.47,2024-03-12,Cloudy
2024-03-04 06:00:00,P025,Kurkure,1,101,39.24,2024-07-06,Sunny
2024-03-04 06:00:00,P016,Sugar,7,117,87.68,2024-08-07,Cloudy
2024-03-04 09:00:00,P025,Kurkure,5,98,74.38,2024-06-02,Hot
2024-03-04 09:00:00,P013,Chicken,5,154,122.22,2024-03-06,Hot
2024-03-04 09:00:00,P025,Kurkure,8,80,73.02,2024-05-15,Sunny
2024-03-04 09:00:00,P039,Soda,3,76,57.58,2024-08-25,Hot
2024-03-04 09:00:00,P031,Green Tea,7,102,72.27,2024-07-23,Sunny
2024-03-04 09:00:00,P035,Samosa,3,76,39.42,2024-08-29,Sunny
2024-03-05 00:00:00,P022,Coriander,6,46,62.59,2024-08-14,Sunny
2024-03-05 00:00:00,P008,Potatoes,6,86,43.51,2024-03-18,Sunny
2024-03-05 00:00:00,P049,Chikki,4,174,50.61,2024-05-17,Hot
2024-03-05 00:00:00,P033,Pav,6,140,23.55,2024-03-07,Cloudy
2024-03-05 00:00:00,P010,Apples,8,77,13.36,2024-03-09,Hot
2024-03-05 00:00:00,P017,Tea,5,110,68.69,2024-05-14,Sunny
2024-03-05 00:00:00,P043,Cabbage,7,147,6.35,2024-03-06,Cloudy
2024-03-05 03:00:00,P040,Pickle,3,131,43.49,2024-06-05,Sunny
2024-03-05 06:00:00,P045,Cucumber,12,129,45.76,2024-03-11,Hot
2024-03-05 06:00:00,P031,Green Tea,2,116,73.79,2024-07-25,Hot
2024-03-05 06:00:00,P011,Yogurt,8,137,136.38,2024-03-10,Hot
2024-03-05 06:00:00,P009,Bananas,6,92,40.15,2024-03-13,Hot
2024-03-05 06:00:00,P034,Vada,6,112,243.29,2024-03-15,Hot
2024-03-05 06:00:00,P033,Pav,4,78,56.14,2024-03-18,Hot
2024-03-05 06:00:00,P025,Kurkure,12,114,34.35,2024-08-26,Cloudy
2024-03-05 06:00:00,P012,Paneer,7,63,126.88,2024-03-07,Hot
2024-03-05 06:00:00,P004,Rice,9,89,66.76,2024-04-06,Hot
2024-03-05 06:00:00,P012,Paneer,5,66,132.25,2024-03-10,Cloudy
2024-03-05 09:00:00,P048,Dates,6,88,38.71,2024-03-07,Sunny
2024-03-05 09:00:00,P002,Bread,4,132,44.55,2024-03-18,Hot
2024-03-06 00:00:00,P048,Dates,4,136,35.89,2024-03-17,Sunny
2024-03-06 00:00:00,P044,Carrot,6,116,49.84,2024-03-09,Hot
2024-03-06 00:00:00,P013,Chicken,5,84,113.51,2024-03-17,Hot
2024-03-06 00:00:00,P001,Milk,3,116,137.77,2024-03-12,Cloudy
2024-03-06 03:00:00,P028,Watermelon,6,113,35.16,2024-03-12,Sunny
2024-03-06 03:00:00,P022,Coriander,3,67,81.28,2024-05-31,Sunny
2024-03-06 03:00:00,P027,Cream,4,122,149.55,2024-03-11,Sunny
2024-03-06 03:00:00,P034,Vada,6,79,474.31,2024-03-19,Hot
2024-03-06 03:00:00,P021,Masala,5,133,81.13,2024-04-21,Hot
2024-03-06 06:00:00,P024,Jeera,5,147,35.35,2024-06-20,Sunny
2024-03-06 06:00:00,P047,Rasgulla,6,141,68.26,2024-06-28,Sunny
2024-03-06 06:00:00,P013,Chicken,6,82,412.31,2024-03-13,Cloudy
2024-03-06 09:00:00,P038,Lassi,5,66,90.56,2024-06-18,Sunny
2024-03-07 00:00:00,P017,Tea,6,120,55.14,2024-05-07,Hot
2024-03-07 00:00:00,P041,Peas,2,129,57.25,2024-03-14,Hot
2024-03-07 00:00:00,P004,Rice,4,124,69.24,2024-06-16,Hot
2024-03-07 00:00:00,P041,Peas,6,60,51.3,2024-03-11,Hot
2024-03-07 00:00:00,P039,Soda,9,109,79.47,2024-08-05,Hot
2024-03-07 00:00:00,P025,Kurkure,1,74,21.18,2024-05-30,Sunny
2024-03-07 00:00:00,P030,Ice Cream,4,88,27.88,2024-05-22,Sunny
2024-03-07 03:00:00,P024,Jeera,10,137,61.28,2024-08-29,Hot
2024-03-07 03:00:00,P035,Samosa,3,137,27.58,2024-08-27,Sunny
2024-03-07 03:00:00,P001,Milk,10,80,59.6,2024-03-18,Sunny
2024-03-07 03:00:00,P050,Farsan,3,32,79.08,2024-08-29,Hot
2024-03-07 06:00:00,P049,Chikki,8,148,10.46,2024-06-30,Sunny
2024-03-07 06:00:00,P044,Carrot,5,75,32.27,2024-03-17,Cloudy
2024-03-07 06:00:00,P027,Cream,7,40,147.79,2024-03-14,Sunny
2024-03-07 06:00:00,P023,Turmeric,5,47,89.21,2024-07-06,Hot
2024-03-07 09:00:00,P024,Jeera,4,96,49.19,2024-08-10,Sunny
2024-03-07 09:00:00,P016,Sugar,6,85,95.62,2024-08-04,Cloudy
2024-03-07 09:00:00,P022,Coriander,4,112,46.87,2024-06-10,Hot
2024-03-07 09:00:00,P008,Potatoes,8,50,30.0,2024-03-10,Cloudy
2024-03-07 09:00:00,P042,Spinach,13,104,36.71,2024-03-21,Hot
2024-03-08 00:00:00,P049,Chikki,8,38,24.7,2024-04-14,Hot
2024-03-08 00:00:00,P016,Sugar,6,88,105.55,2024-06-04,Hot
2024-03-08 00:00:00,P030,Ice Cream,6,114,33.63,2024-05-28,Cloudy
2024-03-08 00:00:00,P005,Dal,5,82,68.17,2024-08-23,Sunny
2024-03-08 03:00:00,P044,Carrot,3,106,20.07,2024-03-17,Sunny
2024-03-08 03:00:00,P012,Paneer,2,124,50.4,2024-03-18,Sunny
2024-03-08 03:00:00,P033,Pav,2,147,20.4,2024-03-10,Hot
2024-03-08 03:00:00,P014,Fish,1,69,486.77,2024-03-18,Hot
2024-03-08 03:00:00,P001,Milk,4,115,74.66,2024-03-14,Hot
2024-03-08 03:00:00,P014,Fish,2,137,313.4,2024-03-11,Sunny
2024-03-08 06:00:00,P033,Pav,4,91,65.01,2024-03-10,Hot
2024-03-08 06:00:00,P027,Cream,4,96,96.47,2024-03-19,Sunny
2024-03-08 06:00:00,P009,Bananas,4,71,43.88,2024-03-22,Sunny
2024-03-08 06:00:00,P025,Kurkure,9,84,50.73,2024-05-21,Hot
2024-03-08 06:00:00,P035,Samosa,6,92,24.33,2024-07-14,Sunny
2024-03-08 06:00:00,P032,Bread Roll,8,50,25.22,2024-03-13,Sunny
2024-03-08 06:00:00,P024,Jeera,2,81,50.54,2024-08-10,Hot
2024-03-08 06:00:00,P021,Masala,5,103,71.84,2024-05-22,Hot
2024-03-08 06:00:00,P043,Cabbage,4,71,57.72,2024-03-16,Hot
2024-03-08 06:00:00,P028,Watermelon,5,81,25.74,2024-03-21,Hot
2024-03-08 09:00:00,P042,Spinach,4,122,52.41,2024-03-11,Hot
2024-03-08 09:00:00,P042,Spinach,5,110,54.16,2024-03-21,Hot
2024-03-08 09:00:00,P043,Cabbage,2,120,39.68,2024-03-12,Hot
2024-03-08 09:00:00,P007,Tomatoes,8,96,56.48,2024-03-22,Sunny
2024-03-08 09:00:00,P017,Tea,2,67,18.95,2024-04-24,Hot
2024-03-09 00:00:00,P004,Rice,4,85,42.97,2024-05-16,Hot
2024-03-09 00:00:00,P031,Green Tea,2,75,90.71,2024-05-11,Sunny
2024-03-09 00:00:00,P049,Chikki,9,151,12.76,2024-05-28,Hot
2024-03-09 00:00:00,P002,Bread,6,102,31.03,2024-03-19,Sunny
2024-03-09 00:00:00,P049,Chikki,4,51,39.7,2024-07-16,Hot
2024-03-09 00:00:00,P002,Bread,6,139,79.3,2024-03-18,Hot
2024-03-09 03:00:00,P012,Paneer,10,82,78.44,2024-03-13,Sunny
2024-03-09 03:00:00,P002,Bread,2,119,50.29,2024-03-19,Sunny
2024-03-09 03:00:00,P027,Cream,8,102,32.38,2024-03-21,Cloudy
2024-03-09 03:00:00,P036,Chutney,6,76,53.26,2024-07-13,Sunny
2024-03-09 03:00:00,P018,Biscuits,9,133,43.3,2024-07-07,Hot
2024-03-09 06:00:00,P018,Biscuits,2,67,10.08,2024-06-22,Hot
2024-03-09 06:00:00,P004,Rice,7,142,62.25,2024-08-20,Sunny
2024-03-09 06:00:00,P049,Chikki,2,111,79.68,2024-04-08,Sunny
2024-03-09 09:00:00,P049,Chikki,2,134,56.6,2024-07-21,Cloudy
2024-03-09 09:00:00,P021,Masala,4,113,53.15,2024-04-15,Hot
2024-03-09 09:00:00,P048,Dates,5,120,24.55,2024-03-19,Sunny
2024-03-09 09:00:00,P050,Farsan,2,95,69.82,2024-06-13,Cloudy
2024-03-09 09:00:00,P004,Rice,6,91,70.12,2024-07-24,Cloudy
2024-03-10 00:00:00,P006,Onions,2,81,30.63,2024-03-22,Hot
2024-03-10 00:00:00,P003,Eggs,7,64,34.64,2024-03-17,Sunny
2024-03-10 00:00:00,P027,Cream,5,119,128.86,2024-03-18,Hot
2024-03-10 00:00:00,P025,Kurkure,6,52,21.56,2024-05-17,Sunny
2024-03-10 00:00:00,P015,Oil,6,38,61.08,2024-04-19,Hot
2024-03-10 00:00:00,P008,Potatoes,10,115,37.96,2024-03-15,Hot
2024-03-10 03:00:00,P046,Tomato Puree,2,88,24.63,2024-03-20,Hot
2024-03-10 03:00:00,P019,Coke,7,63,44.41,2024-09-02,Hot
2024-03-10 03:00:00,P004,Rice,4,101,83.67,2024-05-08,Sunny
2024-03-10 03:00:00,P007,Tomatoes,2,87,21.97,2024-03-22,Hot
2024-03-10 03:00:00,P049,Chikki,6,94,28.66,2024-06-09,Hot
2024-03-10 03:00:00,P015,Oil,10,112,111.45,2024-05-20,Cloudy
2024-03-10 03:00:00,P038,Lassi,4,96,97.69,2024-06-08,Hot
2024-03-10 03:00:00,P049,Chikki,2,102,28.22,2024-07-10,Hot
2024-03-10 06:00:00,P045,Cucumber,6,109,46.66,2024-03-19,Sunny
2024-03-10 06:00:00,P037,Gulab Jamun,2,61,72.44,2024-08-22,Sunny
2024-03-10 06:00:00,P023,Turmeric,3,93,69.27,2024-07-13,Cloudy
2024-03-10 09:00:00,P006,Onions,6,111,34.5,2024-03-17,Cloudy
2024-03-10 09:00:00,P020,Chips,6,74,67.04,2024-08-28,Sunny
2024-03-11 00:00:00,P011,Yogurt,6,112,73.97,2024-03-15,Hot
2024-03-11 00:00:00,P050,Farsan,5,132,17.37,2024-08-27,Cloudy
2024-03-11 00:00:00,P047,Rasgulla,6,87,74.48,2024-04-23,Hot
2024-03-11 00:00:00,P004,Rice,9,96,85.77,2024-08-22,Sunny
2024-03-11 00:00:00,P010,Apples,5,91,9.53,2024-03-23,Hot
2024-03-11 03:00:00,P037,Gulab Jamun,5,85,28.41,2024-06-30,Sunny
2024-03-11 03:00:00,P027,Cream,5,124,58.98,2024-03-23,Cloudy
2024-03-11 03:00:00,P015,Oil,5,42,93.32,2024-06-02,Sunny
2024-03-11 03:00:00,P006,Onions,3,108,41.3,2024-03-25,Hot
2024-03-11 03:00:00,P030,Ice Cream,1,152,45.75,2024-08-03,Hot
2024-03-11 06:00:00,P004,Rice,3,117,117.03,2024-08-31,Hot
2024-03-11 06:00:00,P046,Tomato Puree,7,127,19.41,2024-03-13,Sunny
2024-03-11 06:00:00,P002,Bread,4,117,11.96,2024-03-12,Hot
2024-03-11 06:00:00,P023,Turmeric,4,85,79.1,2024-06-30,Hot
2024-03-11 06:00:00,P030,Ice Cream,5,143,44.62,2024-06-24,Hot
2024-03-11 06:00:00,P005,Dal,7,114,107.36,2024-08-07,Hot
2024-03-11 09:00:00,P037,Gulab Jamun,3,64,47.72,2024-06-04,Cloudy
2024-03-11 09:00:00,P038,Lassi,7,48,91.37,2024-04-10,Hot
2024-03-11 09:00:00,P034,Vada,3,126,134.85,2024-03-14,Hot
2024-03-11 09:00:00,P040,Pickle,2,150,80.0,2024-08-13,Sunny
2024-03-11 09:00:00,P008,Potatoes,6,120,17.31,2024-03-23,Cloudy
2024-03-12 00:00:00,P007,Tomatoes,3,125,51.54,2024-03-22,Hot
2024-03-12 00:00:00,P007,Tomatoes,7,98,46.8,2024-03-22,Cloudy
2024-03-12 00:00:00,P025,Kurkure,1,72,50.7,2024-05-02,Hot
2024-03-12 00:00:00,P045,Cucumber,8,102,22.59,2024-03-23,Sunny
2024-03-12 03:00:00,P050,Farsan,3,57,72.25,2024-05-06,Hot
2024-03-12 03:00:00,P016,Sugar,5,55,42.61,2024-04-16,Sunny
2024-03-12 03:00:00,P027,Cream,6,101,81.59,2024-03-25,Cloudy
2024-03-12 03:00:00,P037,Gulab Jamun,5,74,24.5,2024-06-30,Hot
2024-03-12 06:00:00,P012,Paneer,8,73,34.11,2024-03-22,Hot
2024-03-12 09:00:00,P046,Tomato Puree,3,70,31.38,2024-03-15,Cloudy
2024-03-12 09:00:00,P002,Bread,3,121,69.26,2024-03-14,Sunny
2024-03-12 09:00:00,P045,Cucumber,6,139,30.33,2024-03-17,Hot
2024-03-13 00:00:00,P036,Chutney,3,103,55.96,2024-07-05,Hot
2024-03-13 00:00:00,P009,Bananas,1,65,29.35,2024-03-20,Sunny
2024-03-13 00:00:00,P018,Biscuits,3,90,69.55,2024-08-21,Hot
2024-03-13 00:00:00,P044,Carrot,6,118,48.25,2024-03-18,Hot
2024-03-13 00:00:00,P030,Ice Cream,7,125,66.52,2024-05-24,Cloudy
2024-03-13 00:00:00,P021,Masala,7,109,62.61,2024-09-05,Cloudy
2024-03-13 03:00:00,P039,Soda,7,27,84.36,2024-05-12,Hot
2024-03-13 03:00:00,P046,Tomato Puree,6,50,11.77,2024-03-18,Sunny
2024-03-13 06:00:00,P030,Ice Cream,4,89,35.73,2024-08-01,Sunny
2024-03-13 09:00:00,P030,Ice Cream,4,94,62.04,2024-07-09,Cloudy
2024-03-14 00:00:00,P045,Cucumber,3,95,43.72,2024-03-22,Sunny
2024-03-14 00:00:00,P026,Butter,4,50,110.39,2024-03-17,Hot
2024-03-14 00:00:00,P028,Watermelon,9,128,41.59,2024-03-19,Hot
2024-03-14 00:00:00,P002,Bread,11,103,70.26,2024-03-28,Hot
2024-03-14 00:00:00,P024,Jeera,6,129,79.35,2024-07-24,Sunny
2024-03-14 03:00:00,P003,Eggs,2,135,120.71,2024-03-27,Hot
2024-03-14 03:00:00,P010,Apples,4,58,51.48,2024-03-25,Hot
2024-03-14 06:00:00,P006,Onions,4,138,58.2,2024-03-27,Sunny
2024-03-14 06:00:00,P030,Ice Cream,3,90,50.34,2024-06-25,Hot
2024-03-14 06:00:00,P027,Cream,9,137,149.45,2024-03-16,Sunny
2024-03-14 06:00:00,P017,Tea,6,54,29.41,2024-08-12,Hot
2024-03-14 06:00:00,P003,Eggs,4,103,73.15,2024-03-19,Hot
2024-03-14 06:00:00,P046,Tomato Puree,10,93,50.16,2024-03-16,Hot
2024-03-14 06:00:00,P026,Butter,5,171,135.63,2024-03-17,Sunny
2024-03-14 09:00:00,P018,Biscuits,5,111,48.43,2024-08-10,Sunny
2024-03-14 09:00:00,P029,Mango,4,129,30.52,2024-03-27,Sunny
2024-03-14 09:00:00,P032,Bread Roll,8,51,62.92,2024-03-22,Cloudy
2024-03-15 00:00:00,P029,Mango,2,93,37.46,2024-03-28,Sunny
2024-03-15 00:00:00,P004,Rice,6,78,91.33,2024-05-08,Hot
2024-03-15 00:00:00,P013,Chicken,5,84,361.51,2024-03-29,Hot
2024-03-15 00:00:00,P018,Biscuits,5,96,48.27,2024-06-09,Sunny
2024-03-15 03:00:00,P031,Green Tea,3,36,29.12,2024-04-17,Sunny
2024-03-15 06:00:00,P038,Lassi,4,99,77.86,2024-05-06,Hot
2024-03-15 06:00:00,P025,Kurkure,4,152,74.35,2024-06-15,Sunny
2024-03-15 06:00:00,P046,Tomato Puree,5,3,56.44,2024-03-19,Hot
2024-03-15 06:00:00,P048,Dates,1,79,58.12,2024-03-19,Sunny
2024-03-15 06:00:00,P010,Apples,3,132,37.35,2024-03-22,Hot
2024-03-15 06:00:00,P042,Spinach,4,111,56.77,2024-03-22,Cloudy
2024-03-15 06:00:00,P039,Soda,3,141,65.12,2024-05-20,Hot
2024-03-15 09:00:00,P043,Cabbage,6,73,22.74,2024-03-20,Hot
2024-03-15 09:00:00,P046,Tomato Puree,6,97,28.47,2024-03-20,Sunny
2024-03-16 00:00:00,P008,Potatoes,6,143,35.21,2024-03-22,Cloudy
2024-03-16 00:00:00,P002,Bread,0,161,71.91,2024-03-20,Hot
2024-03-16 00:00:00,P042,Spinach,8,112,57.2,2024-03-29,Hot
2024-03-16 03:00:00,P041,Peas,2,83,32.84,2024-03-27,Sunny
2024-03-16 03:00:00,P009,Bananas,4,140,52.7,2024-03-21,Hot
2024-03-16 03:00:00,P050,Farsan,6,85,55.18,2024-04-16,Sunny
2024-03-16 03:00:00,P017,Tea,4,43,42.67,2024-08-22,Hot
2024-03-16 06:00:00,P001,Milk,3,67,54.88,2024-03-22,Cloudy
2024-03-16 06:00:00,P023,Turmeric,3,49,28.72,2024-08-21,Hot
2024-03-16 06:00:00,P050,Farsan,6,128,76.78,2024-05-24,Sunny
2024-03-16 06:00:00,P017,Tea,6,82,53.96,2024-06-24,Cloudy
2024-03-16 09:00:00,P026,Butter,4,157,62.84,2024-03-19,Hot
2024-03-16 09:00:00,P050,Farsan,7,59,46.52,2024-06-02,Hot
2024-03-16 09:00:00,P008,Potatoes,3,131,27.81,2024-03-20,Hot
2024-03-16 09:00:00,P041,Peas,6,146,24.45,2024-03-23,Cloudy
2024-03-17 00:00:00,P017,Tea,6,81,88.44,2024-05-20,Sunny
2024-03-17 00:00:00,P003,Eggs,6,105,116.4,2024-03-27,Hot
2024-03-17 03:00:00,P030,Ice Cream,2,134,60.53,2024-05-29,Cloudy
2024-03-17 03:00:00,P017,Tea,2,107,62.64,2024-04-26,Hot
2024-03-17 03:00:00,P004,Rice,4,156,65.22,2024-08-13,Hot
2024-03-17 06:00:00,P015,Oil,2,99,105.11,2024-08-19,Hot
2024-03-17 06:00:00,P043,Cabbage,7,109,52.15,2024-03-31,Sunny
2024-03-17 06:00:00,P032,Bread Roll,8,86,79.51,2024-03-24,Sunny
2024-03-17 06:00:00,P030,Ice Cream,1,85,16.82,2024-08-02,Sunny
2024-03-17 06:00:00,P013,Chicken,3,118,208.47,2024-03-18,Cloudy
2024-03-17 06:00:00,P040,Pickle,6,129,88.43,2024-05-10,Sunny
2024-03-17 06:00:00,P003,Eggs,4,148,134.54,2024-03-28,Sunny
2024-03-17 06:00:00,P001,Milk,6,63,136.05,2024-03-25,Cloudy
2024-03-17 06:00:00,P007,Tomatoes,5,49,43.53,2024-03-22,Cloudy
2024-03-17 09:00:00,P025,Kurkure,4,81,70.3,2024-07-23,Hot
2024-03-17 09:00:00,P003,Eggs,5,93,91.19,2024-03-23,Hot
2024-03-17 09:00:00,P045,Cucumber,1,65,7.62,2024-03-22,Hot
2024-03-17 09:00:00,P046,Tomato Puree,3,125,59.12,2024-03-23,Hot
2024-03-17 09:00:00,P022,Coriander,5,149,45.37,2024-09-04,Cloudy
2024-03-17 09:00:00,P020,Chips,4,58,54.25,2024-05-08,Sunny
2024-03-18 00:00:00,P007,Tomatoes,2,82,10.19,2024-04-01,Hot
2024-03-18 00:00:00,P042,Spinach,7,134,34.26,2024-03-26,Hot
2024-03-18 00:00:00,P015,Oil,7,98,63.13,2024-05-26,Cloudy
2024-03-18 03:00:00,P024,Jeera,5,101,60.49,2024-06-11,Sunny
2024-03-18 03:00:00,P025,Kurkure,9,138,40.0,2024-05-26,Cloudy
2024-03-18 03:00:00,P026,Butter,6,87,47.68,2024-04-01,Cloudy
2024-03-18 03:00:00,P008,Potatoes,4,89,30.86,2024-03-28,Hot
2024-03-18 06:00:00,P037,Gulab Jamun,5,136,65.32,2024-07-29,Sunny
2024-03-18 06:00:00,P040,Pickle,3,97,80.25,2024-05-26,Hot
2024-03-18 06:00:00,P013,Chicken,3,181,401.54,2024-03-26,Sunny
2024-03-18 06:00:00,P049,Chikki,5,142,33.76,2024-05-13,Sunny
2024-03-18 06:00:00,P016,Sugar,8,99,57.11,2024-07-29,Sunny
2024-03-18 06:00:00,P023,Turmeric,2,110,86.62,2024-05-01,Cloudy
2024-03-18 06:00:00,P027,Cream,4,83,101.94,2024-03-21,Sunny
2024-03-18 06:00:00,P024,Jeera,6,54,84.65,2024-09-11,Hot
2024-03-18 09:00:00,P023,Turmeric,5,120,95.05,2024-05-16,Sunny
2024-03-19 00:00:00,P025,Kurkure,4,81,17.93,2024-05-08,Sunny
2024-03-19 00:00:00,P020,Chips,4,96,45.32,2024-05-10,Sunny
2024-03-19 00:00:00,P012,Paneer,4,59,70.01,2024-03-31,Hot
2024-03-19 00:00:00,P026,Butter,1,81,88.22,2024-03-27,Hot
2024-03-19 00:00:00,P032,Bread Roll,4,86,76.02,2024-03-28,Hot
2024-03-19 00:00:00,P048,Dates,4,87,22.88,2024-03-24,Hot
2024-03-19 03:00:00,P026,Butter,6,47,149.29,2024-03-26,Sunny
2024-03-19 03:00:00,P021,Masala,3,102,53.0,2024-08-01,Sunny
2024-03-19 03:00:00,P021,Masala,8,77,58.33,2024-05-11,Hot
2024-03-19 03:00:00,P005,Dal,8,72,42.97,2024-04-28,Sunny
2024-03-19 03:00:00,P047,Rasgulla,6,61,34.89,2024-07-29,Hot
2024-03-19 06:00:00,P027,Cream,1,98,57.35,2024-03-29,Cloudy
2024-03-19 06:00:00,P008,Potatoes,4,83,6.78,2024-03-31,Cloudy
2024-03-19 06:00:00,P016,Sugar,3,147,88.76,2024-08-01,Hot
2024-03-19 09:00:00,P006,Onions,4,103,7.2,2024-03-31,Hot
2024-03-20 00:00:00,P020,Chips,4,117,11.35,2024-05-10,Hot
2024-03-20 00:00:00,P038,Lassi,6,122,95.82,2024-07-03,Hot
2024-03-20 00:00:00,P029,Mango,6,105,31.42,2024-03-27,Cloudy
2024-03-20 00:00:00,P036,Chutney,8,52,43.02,2024-07-18,Hot
2024-03-20 00:00:00,P003,Eggs,8,100,100.02,2024-04-02,Hot
2024-03-20 03:00:00,P036,Chutney,2,80,32.22,2024-08-25,Sunny
2024-03-20 03:00:00,P011,Yogurt,6,59,79.5,2024-03-25,Hot
2024-03-20 03:00:00,P018,Biscuits,3,89,36.75,2024-09-09,Sunny
2024-03-20 03:00:00,P046,Tomato Puree,2,133,56.65,2024-03-22,Cloudy
2024-03-20 03:00:00,P015,Oil,3,106,72.02,2024-06-12,Sunny
2024-03-20 06:00:00,P041,Peas,3,64,36.04,2024-03-28,Hot
2024-03-20 06:00:00,P017,Tea,4,113,50.87,2024-08-20,Cloudy
2024-03-20 06:00:00,P035,Samosa,3,108,72.19,2024-08-21,Hot
2024-03-20 09:00:00,P014,Fish,6,120,327.35,2024-03-30,Sunny
2024-03-20 09:00:00,P029,Mango,4,107,50.07,2024-04-03,Hot
2024-03-20 09:00:00,P033,Pav,4,71,34.13,2024-03-21,Hot
2024-03-20 09:00:00,P044,Carrot,7,121,24.97,2024-03-28,Hot
2024-03-20 09:00:00,P010,Apples,5,114,27.89,2024-03-29,Cloudy
2024-03-21 00:00:00,P030,Ice Cream,4,151,30.65,2024-09-10,Hot
2024-03-21 00:00:00,P005,Dal,1,100,114.58,2024-07-08,Cloudy
2024-03-21 00:00:00,P022,Coriander,3,113,34.47,2024-08-26,Sunny
2024-03-21 00:00:00,P036,Chutney,5,71,90.22,2024-06-08,Sunny
2024-03-21 00:00:00,P004,Rice,4,101,56.26,2024-08-31,Cloudy
2024-03-21 03:00:00,P029,Mango,4,103,57.09,2024-03-23,Hot
2024-03-21 06:00:00,P050,Farsan,5,144,51.08,2024-09-15,Hot
2024-03-21 06:00:00,P012,Paneer,5,109,86.23,2024-03-31,Hot
2024-03-21 06:00:00,P028,Watermelon,2,122,27.4,2024-03-26,Sunny
2024-03-21 09:00:00,P037,Gulab Jamun,1,107,74.19,2024-06-03,Hot
2024-03-21 09:00:00,P048,Dates,4,93,32.85,2024-03-25,Hot
2024-03-21 09:00:00,P020,Chips,5,103,69.4,2024-07-25,Hot
2024-03-21 09:00:00,P018,Biscuits,3,120,17.41,2024-04-21,Hot
2024-03-22 00:00:00,P029,Mango,3,77,56.69,2024-03-25,Hot
2024-03-22 00:00:00,P031,Green Tea,4,100,65.02,2024-07-05,Cloudy
2024-03-22 00:00:00,P040,Pickle,3,152,25.42,2024-07-30,Hot
2024-03-22 00:00:00,P022,Coriander,4,72,43.6,2024-06-18,Hot
2024-03-22 00:00:00,P019,Coke,5,78,99.88,2024-09-04,Sunny
2024-03-22 00:00:00,P021,Masala,7,118,28.42,2024-08-28,Sunny
2024-03-22 03:00:00,P046,Tomato Puree,6,61,23.11,2024-03-30,Hot
2024-03-22 03:00:00,P030,Ice Cream,7,84,23.0,2024-08-30,Hot
2024-03-22 03:00:00,P016,Sugar,6,61,76.96,2024-09-04,Hot
2024-03-22 03:00:00,P005,Dal,4,63,49.6,2024-06-30,Hot
2024-03-22 03:00:00,P037,Gulab Jamun,6,60,45.24,2024-09-14,Hot
2024-03-22 06:00:00,P020,Chips,5,69,36.24,2024-06-20,Sunny
2024-03-22 06:00:00,P003,Eggs,3,164,32.07,2024-04-05,Cloudy
2024-03-22 06:00:00,P004,Rice,4,112,57.17,2024-06-12,Hot
2024-03-22 06:00:00,P003,Eggs,0,107,92.84,2024-03-26,Cloudy
2024-03-22 09:00:00,P046,Tomato Puree,8,79,39.89,2024-03-24,Hot
2024-03-22 09:00:00,P028,Watermelon,4,172,51.38,2024-04-04,Hot
2024-03-22 09:00:00,P023,Turmeric,8,127,91.75,2024-05-20,Cloudy
2024-03-22 09:00:00,P044,Carrot,6,56,13.08,2024-03-24,Cloudy
2024-03-23 00:00:00,P007,Tomatoes,7,96,34.45,2024-04-05,Hot
2024-03-23 00:00:00,P032,Bread Roll,9,101,32.71,2024-03-31,Cloudy
2024-03-23 00:00:00,P047,Rasgulla,2,119,21.5,2024-06-05,Hot
2024-03-23 00:00:00,P047,Rasgulla,5,78,52.84,2024-05-26,Sunny
2024-03-23 03:00:00,P026,Butter,4,51,37.07,2024-04-04,Hot
2024-03-23 03:00:00,P005,Dal,13,131,53.88,2024-06-11,Cloudy
2024-03-23 03:00:00,P039,Soda,9,121,48.89,2024-09-04,Cloudy
2024-03-23 03:00:00,P033,Pav,6,102,35.81,2024-03-31,Hot
2024-03-23 03:00:00,P004,Rice,4,109,105.18,2024-08-24,Sunny
2024-03-23 03:00:00,P012,Paneer,8,105,85.21,2024-03-27,Hot
2024-03-23 03:00:00,P010,Apples,7,133,54.1,2024-03-26,Sunny
2024-03-23 03:00:00,P028,Watermelon,5,114,14.04,2024-04-04,Sunny
2024-03-23 06:00:00,P016,Sugar,6,79,45.87,2024-05-26,Hot
2024-03-23 06:00:00,P004,Rice,6,74,110.48,2024-04-22,Cloudy
2024-03-23 06:00:00,P018,Biscuits,0,121,18.75,2024-06-16,Hot
2024-03-23 06:00:00,P023,Turmeric,3,137,72.24,2024-07-28,Hot
2024-03-23 09:00:00,P007,Tomatoes,4,80,17.67,2024-04-02,Hot
2024-03-23 09:00:00,P031,Green Tea,7,115,92.88,2024-07-20,Sunny
2024-03-23 09:00:00,P017,Tea,4,54,73.06,2024-05-05,Sunny
2024-03-23 09:00:00,P030,Ice Cream,5,82,66.45,2024-06-07,Hot
2024-03-24 00:00:00,P032,Bread Roll,4,85,76.73,2024-03-26,Cloudy
2024-03-24 00:00:00,P034,Vada,4,98,439.4,2024-03-27,Cloudy
2024-03-24 00:00:00,P045,Cucumber,8,64,39.28,2024-03-26,Cloudy
2024-03-24 00:00:00,P042,Spinach,5,112,43.58,2024-03-30,Hot
2024-03-24 00:00:00,P042,Spinach,5,103,11.52,2024-03-26,Sunny
2024-03-24 00:00:00,P044,Carrot,6,77,8.23,2024-03-29,Sunny
2024-03-24 03:00:00,P020,Chips,5,92,29.74,2024-07-09,Hot
2024-03-24 03:00:00,P048,Dates,8,114,12.97,2024-04-06,Hot
2024-03-24 06:00:00,P032,Bread Roll,6,91,30.07,2024-03-31,Hot
2024-03-24 06:00:00,P032,Bread Roll,2,121,38.54,2024-04-03,Hot
2024-03-24 09:00:00,P038,Lassi,5,130,15.17,2024-05-27,Hot
2024-03-24 09:00:00,P040,Pickle,3,80,26.18,2024-05-06,Hot
2024-03-24 09:00:00,P038,Lassi,6,114,76.71,2024-07-23,Sunny
2024-03-24 09:00:00,P012,Paneer,8,49,50.14,2024-04-04,Hot
2024-03-24 09:00:00,P027,Cream,8,62,81.11,2024-04-02,Hot
2024-03-24 09:00:00,P048,Dates,1,124,43.71,2024-03-27,Hot
2024-03-25 00:00:00,P032,Bread Roll,6,66,25.68,2024-03-29,Hot
2024-03-25 00:00:00,P006,Onions,3,139,36.81,2024-03-27,Sunny
2024-03-25 03:00:00,P023,Turmeric,6,64,40.95,2024-07-24,Hot
2024-03-25 03:00:00,P018,Biscuits,3,98,33.95,2024-06-09,Hot
2024-03-25 03:00:00,P027,Cream,4,135,146.0,2024-03-29,Hot
2024-03-25 03:00:00,P031,Green Tea,3,131,59.63,2024-05-14,Cloudy
2024-03-25 03:00:00,P006,Onions,3,66,6.78,2024-04-01,Sunny
2024-03-25 03:00:00,P002,Bread,6,102,40.49,2024-03-30,Sunny
2024-03-25 03:00:00,P026,Butter,0,127,87.95,2024-04-02,Hot
2024-03-25 03:00:00,P023,Turmeric,7,84,84.35,2024-06-29,Sunny
2024-03-25 06:00:00,P019,Coke,7,148,52.18,2024-06-22,Hot
2024-03-25 06:00:00,P016,Sugar,2,145,47.12,2024-05-01,Sunny
2024-03-25 06:00:00,P020,Chips,5,79,72.79,2024-07-11,Cloudy
2024-03-25 09:00:00,P001,Milk,8,68,124.93,2024-03-30,Cloudy
2024-03-25 09:00:00,P015,Oil,3,164,63.44,2024-06-11,Sunny
2024-03-25 09:00:00,P031,Green Tea,7,131,47.97,2024-04-25,Cloudy
2024-03-25 09:00:00,P023,Turmeric,4,161,84.68,2024-07-01,Hot
2024-03-25 09:00:00,P047,Rasgulla,6,96,48.68,2024-07-16,Hot
2024-03-26 00:00:00,P045,Cucumber,4,99,18.38,2024-04-06,Hot
2024-03-26 00:00:00,P017,Tea,5,103,69.6,2024-08-19,Cloudy
2024-03-26 00:00:00,P006,Onions,4,107,14.29,2024-04-04,Hot
2024-03-26 00:00:00,P031,Green Tea,5,95,77.69,2024-08-31,Hot
2024-03-26 00:00:00,P027,Cream,8,107,92.62,2024-04-09,Hot
2024-03-26 00:00:00,P015,Oil,5,61,104.0,2024-05-20,Hot